,player,nation_stats_standard,squad,position_stats_standard,age_stats_standard,born_stats_standard,playing_time_90s_stats_standard,playing_time_min_stats_playing_time,total_cmp%_stats_passing,ast_stats_passing,ppa_stats_passing,standard_gls_stats_shooting,standard_sot%_stats_shooting,sca_sca_stats_gca,gca_gca_stats_gca,touches_mid_3rd_stats_possession,touches_att_3rd_stats_possession,take_ons_succ_stats_possession,carries_prgc_stats_possession,receiving_prgr_stats_possession,tackles_mid_3rd_stats_defense,aerial_duels_won%_stats_misc,performance_crs_stats_misc,tackles_tkl_stats_defense,int_stats_defense,performance_recov_stats_misc,value
0,Thelo Aasgaard,NOR,Wigan Athletic,Midfielder,22,2002,10.1,913.0,0.0,0.0,0.0,3.0,33.3,0.0,0.0,0.0,0.0,0.0,0.0,0.0,0.0,0.0,4.0,0.0,0.0,0.0,700000.0
1,Victor Adeboyejo,ENG,Bolton,Forward,26,1998,5.1,462.0,0.0,0.0,0.0,1.0,37.5,0.0,0.0,0.0,0.0,0.0,0.0,0.0,0.0,0.0,4.0,0.0,0.0,0.0,850000.0
2,Dan Agyei,ENG,Leyton Orient,Midfielder,27,1997,9.6,863.0,0.0,0.0,0.0,2.0,26.7,0.0,0.0,0.0,0.0,0.0,0.0,0.0,0.0,0.0,18.0,0.0,0.0,0.0,225000.0
3,Jack Aitchison,SCO,Exeter City,Midfielder,24,2000,8.1,1062.0,0.0,0.0,0.0,0.0,14.3,0.0,0.0,0.0,0.0,0.0,0.0,0.0,0.0,0.0,16.0,0.0,0.0,0.0,300000.0
4,David Ajiboye,ENG,P'borough Utd,Midfielder,26,1998,2.3,726.0,0.0,0.0,0.0,0.0,0.0,0.0,0.0,0.0,0.0,0.0,0.0,0.0,0.0,0.0,8.0,0.0,0.0,0.0,400000.0
5,Millenic Alli,IRL,Exeter City,Forward,24,2000,7.5,436.0,0.0,0.0,0.0,1.0,25.0,0.0,0.0,0.0,0.0,0.0,0.0,0.0,0.0,0.0,17.0,0.0,0.0,0.0,150000.0
6,Keshi Anderson,ENG,Birmingham City,Midfielder,29,1995,6.1,568.0,0.0,0.0,0.0,3.0,30.0,0.0,0.0,0.0,0.0,0.0,0.0,0.0,0.0,0.0,12.0,0.0,0.0,0.0,300000.0
7,Max Anderson,SCO,Crawley Town,Midfielder,23,2001,6.4,545.0,0.0,0.0,0.0,0.0,0.0,0.0,0.0,0.0,0.0,0.0,0.0,0.0,0.0,0.0,3.0,0.0,0.0,0.0,300000.0
9,Chuks Aneke,ENG,Charlton Ath,Forward,31,1993,2.5,837.0,0.0,0.0,0.0,1.0,21.4,0.0,0.0,0.0,0.0,0.0,0.0,0.0,0.0,0.0,2.0,0.0,0.0,0.0,200000.0
10,Scott Arfield,CAN,Bolton,Midfielder,35,1988,2.6,837.0,0.0,0.0,0.0,0.0,40.0,0.0,0.0,0.0,0.0,0.0,0.0,0.0,0.0,0.0,4.0,0.0,0.0,0.0,250000.0
11,Maleace Asamoah,ENG,Wigan Athletic,Forward,21,2002,0.2,537.0,0.0,0.0,0.0,0.0,0.0,0.0,0.0,0.0,0.0,0.0,0.0,0.0,0.0,0.0,0.0,0.0,0.0,0.0,125000.0
12,Odin Bailey,ENG,Stockport,Midfielder,24,1999,1.7,637.0,0.0,0.0,0.0,0.0,40.0,0.0,0.0,0.0,0.0,0.0,0.0,0.0,0.0,0.0,4.0,0.0,0.0,0.0,350000.0
13,Jaiden Bartolo,GIB,Wycombe,Forward,18,2006,0.4,961.0,0.0,0.0,0.0,0.0,0.0,0.0,0.0,0.0,0.0,0.0,0.0,0.0,0.0,0.0,3.0,0.0,0.0,0.0,0.0
14,Tom Bayliss,ENG,Lincoln City,Midfielder,25,1999,6.4,641.0,0.0,0.0,0.0,0.0,33.3,0.0,0.0,0.0,0.0,0.0,0.0,0.0,0.0,0.0,28.0,0.0,0.0,0.0,325000.0
15,Jake Beesley,ENG,Blackpool,Midfielder,27,1996,2.4,574.0,0.0,0.0,0.0,1.0,50.0,0.0,0.0,0.0,0.0,0.0,0.0,0.0,0.0,0.0,1.0,0.0,0.0,0.0,300000.0
16,Mason Bennett,ENG,Burton Albion,Midfielder,28,1996,2.3,871.0,0.0,0.0,0.0,0.0,20.0,0.0,0.0,0.0,0.0,0.0,0.0,0.0,0.0,0.0,2.0,0.0,0.0,0.0,375000.0
17,Luke Berry,ENG,Charlton Ath,Midfielder,32,1992,5.9,573.0,0.0,0.0,0.0,4.0,57.1,0.0,0.0,0.0,0.0,0.0,0.0,0.0,0.0,0.0,15.0,0.0,0.0,0.0,400000.0
18,Harrison Biggins,ENG,Shrewsbury,Midfielder,28,1996,1.1,1062.0,0.0,0.0,0.0,0.0,0.0,0.0,0.0,0.0,0.0,0.0,0.0,0.0,0.0,0.0,1.0,0.0,0.0,0.0,200000.0
19,Bryant Bilongo,ENG,Bristol Rovers,Midfielder,23,2001,7.2,534.0,0.0,0.0,0.0,1.0,25.0,0.0,0.0,0.0,0.0,0.0,0.0,0.0,0.0,0.0,13.0,0.0,0.0,0.0,0.0
20,Frazer Blake-Tracy,ENG,Mansfield Town,Midfielder,29,1995,2.4,652.0,0.0,0.0,0.0,0.0,0.0,0.0,0.0,0.0,0.0,0.0,0.0,0.0,0.0,0.0,5.0,0.0,0.0,0.0,200000.0
21,Tom Bloxham,ENG,Shrewsbury,Midfielder,21,2003,5.2,972.0,0.0,0.0,0.0,2.0,60.0,0.0,0.0,0.0,0.0,0.0,0.0,0.0,0.0,0.0,23.0,0.0,0.0,0.0,325000.0
22,Cameron Bragg,ENG,Crawley Town,Midfielder,19,2005,2.4,618.0,0.0,0.0,0.0,0.0,0.0,0.0,0.0,0.0,0.0,0.0,0.0,0.0,0.0,0.0,4.0,0.0,0.0,0.0,0.0
24,Chem Campbell,WAL,Reading,Forward,21,2002,5.3,971.0,0.0,0.0,0.0,2.0,40.0,0.0,0.0,0.0,0.0,0.0,0.0,0.0,0.0,0.0,12.0,0.0,0.0,0.0,900000.0
25,Mustapha Carayol,GAM,Exeter City,Midfielder,36,1988,1.1,769.0,0.0,0.0,0.0,0.0,0.0,0.0,0.0,0.0,0.0,0.0,0.0,0.0,0.0,0.0,7.0,0.0,0.0,0.0,75000.0
26,Sonny Carey,ENG,Blackpool,Midfielder,23,2001,2.7,450.0,0.0,0.0,0.0,0.0,0.0,0.0,0.0,0.0,0.0,0.0,0.0,0.0,0.0,0.0,6.0,0.0,0.0,0.0,900000.0
27,Dion Charles,NIR,Bolton,Forward,29,1995,7.6,711.0,0.0,0.0,0.0,5.0,48.0,0.0,0.0,0.0,0.0,0.0,0.0,0.0,0.0,0.0,1.0,0.0,0.0,0.0,750000.0
28,Sean Clare,ENG,Leyton Orient,Midfielder,28,1996,8.2,540.0,0.0,0.0,0.0,1.0,20.0,0.0,0.0,0.0,0.0,0.0,0.0,0.0,0.0,0.0,7.0,0.0,0.0,0.0,400000.0
29,Jonson Clarke-Harris,JAM,Rotherham Utd,Forward,30,1994,8.1,605.0,0.0,0.0,0.0,4.0,45.0,0.0,0.0,0.0,0.0,0.0,0.0,0.0,0.0,0.0,5.0,0.0,0.0,0.0,750000.0
30,Reece Cole,ENG,Exeter City,Midfielder,26,1998,3.1,855.0,0.0,0.0,0.0,1.0,45.5,0.0,0.0,0.0,0.0,0.0,0.0,0.0,0.0,0.0,33.0,0.0,0.0,0.0,225000.0
31,Will Collar,ENG,Stockport,Midfielder,27,1997,6.6,450.0,0.0,0.0,0.0,0.0,50.0,0.0,0.0,0.0,0.0,0.0,0.0,0.0,0.0,0.0,7.0,0.0,0.0,0.0,350000.0
32,Archie Collins,ENG,P'borough Utd,Midfielder,25,1999,11.7,685.0,0.0,0.0,0.0,0.0,33.3,0.0,0.0,0.0,0.0,0.0,0.0,0.0,0.0,0.0,6.0,0.0,0.0,0.0,800000.0
33,Chris Conn-Clarke,NIR,P'borough Utd,Midfielder,22,2001,1.7,708.0,0.0,0.0,0.0,0.0,40.0,0.0,0.0,0.0,0.0,0.0,0.0,0.0,0.0,0.0,6.0,0.0,0.0,0.0,0.0
34,Luca Connell,IRL,Barnsley,Midfielder,23,2001,11.4,463.0,0.0,0.0,0.0,2.0,21.7,0.0,0.0,0.0,0.0,0.0,0.0,0.0,0.0,0.0,61.0,0.0,0.0,0.0,500000.0
35,Kamil Conteh,SLE,Bristol Rovers,Midfielder,21,2002,10.2,735.0,0.0,0.0,0.0,0.0,50.0,0.0,0.0,0.0,0.0,0.0,0.0,0.0,0.0,0.0,2.0,0.0,0.0,0.0,500000.0
36,Sam Cosgrove,ENG,Barnsley,Forward,27,1996,7.7,930.0,0.0,0.0,0.0,1.0,27.8,0.0,0.0,0.0,0.0,0.0,0.0,0.0,0.0,0.0,2.0,0.0,0.0,0.0,450000.0
38,Jordan Cousins,ENG,Cambridge Utd,Forward,30,1994,0.3,580.0,0.0,0.0,0.0,0.0,0.0,0.0,0.0,0.0,0.0,0.0,0.0,0.0,0.0,0.0,1.0,0.0,0.0,0.0,250000.0
39,Conor Coventry,IRL,Charlton Ath,Midfielder,24,2000,10.9,1053.0,0.0,0.0,0.0,0.0,25.0,0.0,0.0,0.0,0.0,0.0,0.0,0.0,0.0,0.0,61.0,0.0,0.0,0.0,1500000.0
40,Matthew Craig,SCO,Barnsley,Midfielder,21,2003,8.1,1029.0,0.0,0.0,0.0,0.0,0.0,0.0,0.0,0.0,0.0,0.0,0.0,0.0,0.0,0.0,3.0,0.0,0.0,0.0,0.0
42,Ronan Darcy,ENG,Crawley Town,Midfielder,23,2000,11.3,721.0,0.0,0.0,0.0,1.0,37.5,0.0,0.0,0.0,0.0,0.0,0.0,0.0,0.0,0.0,19.0,0.0,0.0,0.0,400000.0
43,Tendayi Darikwa,ZIM,Lincoln City,Midfielder,32,1991,10.9,619.0,0.0,0.0,0.0,1.0,30.0,0.0,0.0,0.0,0.0,0.0,0.0,0.0,0.0,0.0,21.0,0.0,0.0,0.0,350000.0
45,Siriki Dembélé,CIV,Birmingham City,Midfielder,28,1996,0.5,955.0,0.0,0.0,0.0,0.0,0.0,0.0,0.0,0.0,0.0,0.0,0.0,0.0,0.0,0.0,1.0,0.0,0.0,0.0,2200000.0
46,Kyle Dempsey,ENG,Bolton,Midfielder,29,1995,6.0,900.0,0.0,0.0,0.0,3.0,26.7,0.0,0.0,0.0,0.0,0.0,0.0,0.0,0.0,0.0,15.0,0.0,0.0,0.0,600000.0
47,Matt Dibley-Dias,NZL,Northampton,Midfielder,20,2004,0.6,720.0,0.0,0.0,0.0,0.0,0.0,0.0,0.0,0.0,0.0,0.0,0.0,0.0,0.0,0.0,1.0,0.0,0.0,0.0,500000.0
48,Paul Digby,ENG,Cambridge Utd,Midfielder,29,1995,10.5,720.0,0.0,0.0,0.0,0.0,0.0,0.0,0.0,0.0,0.0,0.0,0.0,0.0,0.0,0.0,3.0,0.0,0.0,0.0,350000.0
49,Kaheim Dixon,JAM,Charlton Ath,Forward,20,2004,0.0,704.0,0.0,0.0,0.0,0.0,0.0,0.0,0.0,0.0,0.0,0.0,0.0,0.0,0.0,0.0,0.0,0.0,0.0,0.0,100000.0
50,Jamie Donley,ENG,Leyton Orient,Midfielder,19,2005,5.1,1015.0,0.0,0.0,0.0,0.0,0.0,0.0,0.0,0.0,0.0,0.0,0.0,0.0,0.0,0.0,22.0,0.0,0.0,0.0,1500000.0
51,Romelle Donovan,ENG,Burton Albion,Midfielder,17,2006,1.7,978.0,0.0,0.0,0.0,0.0,0.0,0.0,0.0,0.0,0.0,0.0,0.0,0.0,0.0,0.0,5.0,0.0,0.0,0.0,900000.0
52,Kelvin Ehibhatiomhan,ENG,Reading,Forward,21,2003,8.7,945.0,0.0,0.0,0.0,2.0,40.0,0.0,0.0,0.0,0.0,0.0,0.0,0.0,0.0,0.0,16.0,0.0,0.0,0.0,500000.0
53,Elliot Embleton,ENG,Blackpool,Midfielder,25,1999,2.4,1080.0,0.0,0.0,0.0,0.0,16.7,0.0,0.0,0.0,0.0,0.0,0.0,0.0,0.0,0.0,20.0,0.0,0.0,0.0,900000.0
54,Ethan Erhahon,SCO,Lincoln City,Midfielder,23,2001,11.0,767.0,0.0,0.0,0.0,0.0,0.0,0.0,0.0,0.0,0.0,0.0,0.0,0.0,0.0,0.0,3.0,0.0,0.0,0.0,1000000.0
55,Antony Evans,ENG,Huddersfield,Midfielder,26,1998,7.2,457.0,0.0,0.0,0.0,2.0,31.6,0.0,0.0,0.0,0.0,0.0,0.0,0.0,0.0,0.0,36.0,0.0,0.0,0.0,600000.0
56,Mo Faal,ENG,Wrexham,Forward,21,2003,0.1,477.0,0.0,0.0,0.0,0.0,0.0,0.0,0.0,0.0,0.0,0.0,0.0,0.0,0.0,0.0,0.0,0.0,0.0,0.0,225000.0
57,Jayden Fevrier,ENG,Stockport,Midfielder,21,2003,4.2,1080.0,0.0,0.0,0.0,1.0,25.0,0.0,0.0,0.0,0.0,0.0,0.0,0.0,0.0,0.0,15.0,0.0,0.0,0.0,300000.0
58,Ashley Fletcher,ENG,Blackpool,Forward,29,1995,4.6,779.0,0.0,0.0,0.0,1.0,38.5,0.0,0.0,0.0,0.0,0.0,0.0,0.0,0.0,0.0,2.0,0.0,0.0,0.0,500000.0
59,Steven Fletcher,SCO,Wrexham,Forward,37,1987,3.3,855.0,0.0,0.0,0.0,1.0,50.0,0.0,0.0,0.0,0.0,0.0,0.0,0.0,0.0,0.0,0.0,0.0,0.0,0.0,100000.0
60,Harry Forster,ENG,Crawley Town,Midfielder,24,2000,4.1,855.0,0.0,0.0,0.0,1.0,33.3,0.0,0.0,0.0,0.0,0.0,0.0,0.0,0.0,0.0,15.0,0.0,0.0,0.0,100000.0
61,Ben Fox,ENG,Northampton,Midfielder,26,1998,3.6,601.0,0.0,0.0,0.0,0.0,100.0,0.0,0.0,0.0,0.0,0.0,0.0,0.0,0.0,0.0,2.0,0.0,0.0,0.0,125000.0
62,Ed Francis,ENG,Exeter City,Midfielder,25,1999,7.3,926.0,0.0,0.0,0.0,2.0,25.0,0.0,0.0,0.0,0.0,0.0,0.0,0.0,0.0,0.0,28.0,0.0,0.0,0.0,0.0
63,Tyrese Francois,AUS,Wigan Athletic,Midfielder,24,2000,1.3,1002.0,0.0,0.0,0.0,0.0,0.0,0.0,0.0,0.0,0.0,0.0,0.0,0.0,0.0,0.0,0.0,0.0,0.0,0.0,600000.0
64,Georgie Gent,ENG,Barnsley,Midfielder,21,2003,3.5,955.0,0.0,0.0,0.0,0.0,33.3,0.0,0.0,0.0,0.0,0.0,0.0,0.0,0.0,0.0,18.0,0.0,0.0,0.0,300000.0
65,Ciaran Gilligan,ENG,Burton Albion,Midfielder,22,2002,2.5,441.0,0.0,0.0,0.0,0.0,0.0,0.0,0.0,0.0,0.0,0.0,0.0,0.0,0.0,0.0,1.0,0.0,0.0,0.0,125000.0
66,Lee Gregory,ENG,Mansfield Town,Forward,36,1988,8.2,530.0,0.0,0.0,0.0,6.0,55.0,0.0,0.0,0.0,0.0,0.0,0.0,0.0,0.0,0.0,2.0,0.0,0.0,0.0,150000.0
67,Ethan Hamilton,SCO,Lincoln City,Midfielder,26,1998,1.2,1080.0,0.0,0.0,0.0,0.0,100.0,0.0,0.0,0.0,0.0,0.0,0.0,0.0,0.0,0.0,2.0,0.0,0.0,0.0,450000.0
68,Emil Hansson,SWE,Birmingham City,Midfielder,26,1998,6.2,695.0,0.0,0.0,0.0,0.0,63.6,0.0,0.0,0.0,0.0,0.0,0.0,0.0,0.0,0.0,28.0,0.0,0.0,0.0,1500000.0
69,Vincent Harper,KEN,Exeter City,Midfielder,24,2000,0.7,916.0,0.0,0.0,0.0,0.0,50.0,0.0,0.0,0.0,0.0,0.0,0.0,0.0,0.0,0.0,4.0,0.0,0.0,0.0,200000.0
70,Kian Harratt,ENG,Huddersfield,Forward,22,2002,0.2,882.0,0.0,0.0,0.0,0.0,0.0,0.0,0.0,0.0,0.0,0.0,0.0,0.0,0.0,0.0,0.0,0.0,0.0,0.0,500000.0
71,Rhys Healey,WAL,Huddersfield,Forward,29,1994,1.3,741.0,0.0,0.0,0.0,0.0,42.9,0.0,0.0,0.0,0.0,0.0,0.0,0.0,0.0,0.0,1.0,0.0,0.0,0.0,1200000.0
72,Gavan Holohan,IRL,Crawley Town,Midfielder,32,1991,0.5,467.0,0.0,0.0,0.0,0.0,0.0,0.0,0.0,0.0,0.0,0.0,0.0,0.0,0.0,0.0,1.0,0.0,0.0,0.0,100000.0
73,William Hondermarck,CGO,Northampton,Midfielder,23,2000,2.4,793.0,0.0,0.0,0.0,0.0,100.0,0.0,0.0,0.0,0.0,0.0,0.0,0.0,0.0,0.0,0.0,0.0,0.0,0.0,200000.0
74,Sam Hoskins,ENG,Northampton,Midfielder,31,1993,8.1,738.0,0.0,0.0,0.0,1.0,33.3,0.0,0.0,0.0,0.0,0.0,0.0,0.0,0.0,0.0,20.0,0.0,0.0,0.0,225000.0
75,Joe Hugill,ENG,Wigan Athletic,Forward,21,2003,6.0,983.0,0.0,0.0,0.0,2.0,50.0,0.0,0.0,0.0,0.0,0.0,0.0,0.0,0.0,0.0,0.0,0.0,0.0,0.0,200000.0
76,Stephen Humphrys,ENG,Barnsley,Forward,27,1997,4.4,557.0,0.0,0.0,0.0,2.0,50.0,0.0,0.0,0.0,0.0,0.0,0.0,0.0,0.0,0.0,5.0,0.0,0.0,0.0,500000.0
77,Joseph Hungbo,ENG,Rotherham Utd,Midfielder,24,2000,2.8,900.0,0.0,0.0,0.0,0.0,50.0,0.0,0.0,0.0,0.0,0.0,0.0,0.0,0.0,0.0,21.0,0.0,0.0,0.0,500000.0
78,Jack Hunt,ENG,Bristol Rovers,Midfielder,33,1990,2.3,574.0,0.0,0.0,0.0,0.0,0.0,0.0,0.0,0.0,0.0,0.0,0.0,0.0,0.0,0.0,6.0,0.0,0.0,0.0,100000.0
79,Tomoki Iwata,JPN,Birmingham City,Midfielder,27,1997,7.0,896.0,0.0,0.0,0.0,3.0,75.0,0.0,0.0,0.0,0.0,0.0,0.0,0.0,0.0,0.0,10.0,0.0,0.0,0.0,1200000.0
80,Diallang Jaiyesimi,ENG,Leyton Orient,Forward,26,1998,1.0,613.0,0.0,0.0,0.0,0.0,100.0,0.0,0.0,0.0,0.0,0.0,0.0,0.0,0.0,0.0,1.0,0.0,0.0,0.0,225000.0
82,Sullay Kaikai,SLE,Cambridge Utd,Midfielder,29,1995,5.1,427.0,0.0,0.0,0.0,1.0,25.0,0.0,0.0,0.0,0.0,0.0,0.0,0.0,0.0,0.0,13.0,0.0,0.0,0.0,250000.0
83,Tomas Kalinauskas,LTU,Burton Albion,Midfielder,24,2000,6.9,523.0,0.0,0.0,0.0,0.0,45.5,0.0,0.0,0.0,0.0,0.0,0.0,0.0,0.0,0.0,22.0,0.0,0.0,0.0,125000.0
84,Davis Keillor-Dunn,ENG,Mansfield Town,Midfielder,26,1997,2.7,683.0,0.0,0.0,0.0,0.0,20.0,0.0,0.0,0.0,0.0,0.0,0.0,0.0,0.0,0.0,14.0,0.0,0.0,0.0,750000.0
85,Davis Keillor-Dunn,ENG,Barnsley,Midfielder,26,1997,6.6,848.0,0.0,0.0,0.0,3.0,41.7,0.0,0.0,0.0,0.0,0.0,0.0,0.0,0.0,0.0,17.0,0.0,0.0,0.0,750000.0
86,Charlie Kelman,USA,Leyton Orient,Forward,22,2001,12.0,955.0,0.0,0.0,0.0,3.0,51.7,0.0,0.0,0.0,0.0,0.0,0.0,0.0,0.0,0.0,12.0,0.0,0.0,0.0,300000.0
87,Brandon Khela,ENG,Birmingham City,Midfielder,19,2005,0.2,547.0,0.0,0.0,0.0,0.0,0.0,0.0,0.0,0.0,0.0,0.0,0.0,0.0,0.0,0.0,0.0,0.0,0.0,0.0,200000.0
88,Gideon Kodua,ENG,Wycombe,Midfielder,20,2004,1.0,1006.0,0.0,0.0,0.0,1.0,100.0,0.0,0.0,0.0,0.0,0.0,0.0,0.0,0.0,0.0,2.0,0.0,0.0,0.0,0.0
89,Hector Kyprianou,CYP,P'borough Utd,Midfielder,23,2001,6.3,456.0,0.0,0.0,0.0,0.0,25.0,0.0,0.0,0.0,0.0,0.0,0.0,0.0,0.0,0.0,2.0,0.0,0.0,0.0,700000.0
90,Freddie Ladapo,ENG,Huddersfield,Forward,31,1993,2.2,617.0,0.0,0.0,0.0,0.0,0.0,0.0,0.0,0.0,0.0,0.0,0.0,0.0,0.0,0.0,1.0,0.0,0.0,0.0,500000.0
91,Elliot Lee,ENG,Wrexham,Midfielder,29,1994,11.2,454.0,0.0,0.0,0.0,4.0,43.5,0.0,0.0,0.0,0.0,0.0,0.0,0.0,0.0,0.0,32.0,0.0,0.0,0.0,700000.0
92,Elliott List,ENG,Stevenage,Midfielder,27,1997,4.8,593.0,0.0,0.0,0.0,3.0,45.5,0.0,0.0,0.0,0.0,0.0,0.0,0.0,0.0,0.0,4.0,0.0,0.0,0.0,125000.0
93,George Lloyd,ENG,Shrewsbury,Forward,24,2000,10.6,946.0,0.0,0.0,0.0,3.0,50.0,0.0,0.0,0.0,0.0,0.0,0.0,0.0,0.0,0.0,6.0,0.0,0.0,0.0,175000.0
94,Kyran Lofthouse,ENG,Barnsley,Midfielder,24,2000,2.4,1078.0,0.0,0.0,0.0,0.0,33.3,0.0,0.0,0.0,0.0,0.0,0.0,0.0,0.0,0.0,7.0,0.0,0.0,0.0,50000.0
95,Klaidi Lolos,GRE,Bolton,Midfielder,23,2001,0.2,617.0,0.0,0.0,0.0,0.0,0.0,0.0,0.0,0.0,0.0,0.0,0.0,0.0,0.0,0.0,0.0,0.0,0.0,0.0,200000.0
96,Emmanuel Longelo,ENG,Cambridge Utd,Midfielder,23,2000,3.0,1080.0,0.0,0.0,0.0,1.0,14.3,0.0,0.0,0.0,0.0,0.0,0.0,0.0,0.0,0.0,14.0,0.0,0.0,0.0,1000000.0
98,Josh Magennis,NIR,Exeter City,Forward,34,1990,8.4,900.0,0.0,0.0,0.0,1.0,25.0,0.0,0.0,0.0,0.0,0.0,0.0,0.0,0.0,0.0,12.0,0.0,0.0,0.0,150000.0
99,Scott Malone,ENG,Crawley Town,Midfielder,33,1991,1.7,618.0,0.0,0.0,0.0,0.0,0.0,0.0,0.0,0.0,0.0,0.0,0.0,0.0,0.0,0.0,0.0,0.0,0.0,0.0,150000.0
101,Jack Marriott,ENG,Wrexham,Forward,30,1994,7.4,401.0,0.0,0.0,0.0,5.0,64.7,0.0,0.0,0.0,0.0,0.0,0.0,0.0,0.0,0.0,4.0,0.0,0.0,0.0,500000.0
102,Callum Marshall,NIR,Huddersfield,Forward,19,2004,7.1,426.0,0.0,0.0,0.0,2.0,52.6,0.0,0.0,0.0,0.0,0.0,0.0,0.0,0.0,0.0,10.0,0.0,0.0,0.0,2000000.0
103,Alfie May,ENG,Birmingham City,Forward,31,1993,7.3,1012.0,0.0,0.0,0.0,5.0,47.6,0.0,0.0,0.0,0.0,0.0,0.0,0.0,0.0,0.0,6.0,0.0,0.0,0.0,300000.0
104,Liam McCarron,SCO,Northampton,Midfielder,23,2001,1.5,503.0,0.0,0.0,0.0,1.0,33.3,0.0,0.0,0.0,0.0,0.0,0.0,0.0,0.0,0.0,3.0,0.0,0.0,0.0,250000.0
106,Conor McGrandles,SCO,Lincoln City,Midfielder,29,1995,6.0,715.0,0.0,0.0,0.0,0.0,0.0,0.0,0.0,0.0,0.0,0.0,0.0,0.0,0.0,0.0,2.0,0.0,0.0,0.0,200000.0
107,JJ McKiernan,NIR,Lincoln City,Midfielder,22,2002,2.5,990.0,0.0,0.0,0.0,0.0,0.0,0.0,0.0,0.0,0.0,0.0,0.0,0.0,0.0,0.0,5.0,0.0,0.0,0.0,300000.0
108,Michael Mellon,SCO,Stockport,Forward,20,2003,0.2,759.0,0.0,0.0,0.0,0.0,0.0,0.0,0.0,0.0,0.0,0.0,0.0,0.0,0.0,0.0,0.0,0.0,0.0,0.0,300000.0
109,Mickel Miller,ENG,Huddersfield,Midfielder,28,1995,8.4,619.0,0.0,0.0,0.0,0.0,25.0,0.0,0.0,0.0,0.0,0.0,0.0,0.0,0.0,0.0,74.0,0.0,0.0,0.0,400000.0
110,Aaron Morley,ENG,Wycombe,Midfielder,24,2000,7.4,640.0,0.0,0.0,0.0,0.0,11.1,0.0,0.0,0.0,0.0,0.0,0.0,0.0,0.0,0.0,20.0,0.0,0.0,0.0,900000.0
111,Paul Mullin,ENG,Wrexham,Forward,29,1994,4.5,990.0,0.0,0.0,0.0,1.0,40.0,0.0,0.0,0.0,0.0,0.0,0.0,0.0,0.0,0.0,3.0,0.0,0.0,0.0,900000.0
112,Tom Nichols,ENG,Mansfield Town,Midfielder,31,1993,0.9,496.0,0.0,0.0,0.0,0.0,0.0,0.0,0.0,0.0,0.0,0.0,0.0,0.0,0.0,0.0,2.0,0.0,0.0,0.0,200000.0
113,Brandon Njoku,ENG,Cambridge Utd,Forward,19,2005,3.6,1058.0,0.0,0.0,0.0,1.0,66.7,0.0,0.0,0.0,0.0,0.0,0.0,0.0,0.0,0.0,1.0,0.0,0.0,0.0,50000.0
114,Oliver Norburn,GRN,Blackpool,Midfielder,31,1992,3.5,1018.0,0.0,0.0,0.0,0.0,0.0,0.0,0.0,0.0,0.0,0.0,0.0,0.0,0.0,0.0,1.0,0.0,0.0,0.0,200000.0
115,Oliver Norwood,NIR,Stockport,Midfielder,33,1991,5.4,818.0,0.0,0.0,0.0,0.0,33.3,0.0,0.0,0.0,0.0,0.0,0.0,0.0,0.0,0.0,34.0,0.0,0.0,0.0,1000000.0
116,George Nurse,ENG,Shrewsbury,Midfielder,25,1999,1.2,990.0,0.0,0.0,0.0,0.0,0.0,0.0,0.0,0.0,0.0,0.0,0.0,0.0,0.0,0.0,3.0,0.0,0.0,0.0,175000.0
117,Donay O'Brien-Brady,ENG,P'borough Utd,Midfielder,20,2004,6.0,547.0,0.0,0.0,0.0,1.0,50.0,0.0,0.0,0.0,0.0,0.0,0.0,0.0,0.0,0.0,4.0,0.0,0.0,0.0,0.0
118,Abraham Odoh,ENG,P'borough Utd,Midfielder,24,2000,4.5,990.0,0.0,0.0,0.0,0.0,50.0,0.0,0.0,0.0,0.0,0.0,0.0,0.0,0.0,0.0,3.0,0.0,0.0,0.0,275000.0
119,Funso Ojo,BEL,Shrewsbury,Midfielder,33,1991,8.8,1027.0,0.0,0.0,0.0,0.0,33.3,0.0,0.0,0.0,0.0,0.0,0.0,0.0,0.0,0.0,24.0,0.0,0.0,0.0,150000.0
120,Michael Olakigbe,ENG,Wigan Athletic,Midfielder,20,2004,2.9,556.0,0.0,0.0,0.0,0.0,25.0,0.0,0.0,0.0,0.0,0.0,0.0,0.0,0.0,0.0,14.0,0.0,0.0,0.0,600000.0
121,Isaac Olaofe,ENG,Stockport,Forward,24,1999,3.8,664.0,0.0,0.0,0.0,1.0,30.8,0.0,0.0,0.0,0.0,0.0,0.0,0.0,0.0,0.0,1.0,0.0,0.0,0.0,450000.0
122,Fred Onyedinma,ENG,Wycombe,Midfielder,27,1996,2.4,951.0,0.0,0.0,0.0,1.0,100.0,0.0,0.0,0.0,0.0,0.0,0.0,0.0,0.0,0.0,1.0,0.0,0.0,0.0,500000.0
124,Jasper Pattenden,ENG,Wycombe,Forward,22,2002,0.9,630.0,0.0,0.0,0.0,0.0,0.0,0.0,0.0,0.0,0.0,0.0,0.0,0.0,0.0,0.0,0.0,0.0,0.0,0.0,125000.0
125,Taylor Perry,ENG,Shrewsbury,Midfielder,23,2001,2.9,930.0,0.0,0.0,0.0,0.0,0.0,0.0,0.0,0.0,0.0,0.0,0.0,0.0,0.0,0.0,7.0,0.0,0.0,0.0,400000.0
126,Daniel Phillips,TRI,Stevenage,Midfielder,23,2001,9.1,488.0,0.0,0.0,0.0,0.0,20.0,0.0,0.0,0.0,0.0,0.0,0.0,0.0,0.0,0.0,3.0,0.0,0.0,0.0,225000.0
127,Kwame Poku,GHA,P'borough Utd,Midfielder,23,2001,12.5,899.0,0.0,0.0,0.0,7.0,44.1,0.0,0.0,0.0,0.0,0.0,0.0,0.0,0.0,0.0,57.0,0.0,0.0,0.0,1500000.0
128,Darren Pratley,JAM,Leyton Orient,Midfielder,39,1985,1.6,632.0,0.0,0.0,0.0,0.0,0.0,0.0,0.0,0.0,0.0,0.0,0.0,0.0,0.0,0.0,0.0,0.0,0.0,0.0,50000.0
129,Aaron Pressley,SCO,Stevenage,Forward,23,2001,0.6,789.0,0.0,0.0,0.0,0.0,100.0,0.0,0.0,0.0,0.0,0.0,0.0,0.0,0.0,0.0,0.0,0.0,0.0,0.0,175000.0
130,Stephen Quinn,IRL,Mansfield Town,Midfielder,38,1986,6.6,402.0,0.0,0.0,0.0,1.0,50.0,0.0,0.0,0.0,0.0,0.0,0.0,0.0,0.0,0.0,35.0,0.0,0.0,0.0,50000.0
131,Bojan Radulovic,SRB,Huddersfield,Forward,24,1999,4.2,406.0,0.0,0.0,0.0,1.0,44.4,0.0,0.0,0.0,0.0,0.0,0.0,0.0,0.0,0.0,5.0,0.0,0.0,0.0,1000000.0
133,Joel Randall,ENG,P'borough Utd,Midfielder,24,1999,7.9,1080.0,0.0,0.0,0.0,4.0,52.9,0.0,0.0,0.0,0.0,0.0,0.0,0.0,0.0,0.0,17.0,0.0,0.0,0.0,600000.0
134,Amani Richards,ENG,Exeter City,Forward,19,2004,2.0,990.0,0.0,0.0,0.0,1.0,25.0,0.0,0.0,0.0,0.0,0.0,0.0,0.0,0.0,0.0,5.0,0.0,0.0,0.0,0.0
135,Jordan Roberts,ENG,Stevenage,Midfielder,30,1994,10.4,775.0,0.0,0.0,0.0,1.0,31.3,0.0,0.0,0.0,0.0,0.0,0.0,0.0,0.0,0.0,31.0,0.0,0.0,0.0,300000.0
136,Jordan Rossiter,ENG,Shrewsbury,Midfielder,27,1997,5.4,630.0,0.0,0.0,0.0,0.0,40.0,0.0,0.0,0.0,0.0,0.0,0.0,0.0,0.0,0.0,3.0,0.0,0.0,0.0,150000.0
137,Kieran Sadlier,IRL,Wycombe,Midfielder,30,1994,4.7,751.0,0.0,0.0,0.0,1.0,50.0,0.0,0.0,0.0,0.0,0.0,0.0,0.0,0.0,0.0,20.0,0.0,0.0,0.0,225000.0
138,Charles Sagoe Jr,ENG,Shrewsbury,Midfielder,20,2004,3.9,821.0,0.0,0.0,0.0,0.0,40.0,0.0,0.0,0.0,0.0,0.0,0.0,0.0,0.0,0.0,10.0,0.0,0.0,0.0,600000.0
139,Charlie Savage,WAL,Reading,Midfielder,21,2003,6.1,444.0,0.0,0.0,0.0,3.0,25.0,0.0,0.0,0.0,0.0,0.0,0.0,0.0,0.0,0.0,16.0,0.0,0.0,0.0,600000.0
140,Szabolcs Schön,HUN,Bolton,Midfielder,24,2000,10.2,1126.0,0.0,0.0,0.0,1.0,30.8,0.0,0.0,0.0,0.0,0.0,0.0,0.0,0.0,0.0,55.0,0.0,0.0,0.0,900000.0
142,Jordan Shipley,IRL,Shrewsbury,Midfielder,27,1997,5.9,990.0,0.0,0.0,0.0,1.0,16.7,0.0,0.0,0.0,0.0,0.0,0.0,0.0,0.0,0.0,25.0,0.0,0.0,0.0,400000.0
143,Tola Showunmi,ENG,Crawley Town,Forward,24,2000,0.4,990.0,0.0,0.0,0.0,0.0,100.0,0.0,0.0,0.0,0.0,0.0,0.0,0.0,0.0,0.0,2.0,0.0,0.0,0.0,175000.0
144,Tyreece Simpson,ENG,Stevenage,Forward,22,2002,4.6,742.0,0.0,0.0,0.0,0.0,50.0,0.0,0.0,0.0,0.0,0.0,0.0,0.0,0.0,0.0,1.0,0.0,0.0,0.0,250000.0
145,Jonny Smith,ENG,Wigan Athletic,Forward,27,1997,1.0,840.0,0.0,0.0,0.0,0.0,40.0,0.0,0.0,0.0,0.0,0.0,0.0,0.0,0.0,0.0,7.0,0.0,0.0,0.0,225000.0
146,Korey Smith,ENG,Cambridge Utd,Midfielder,33,1991,10.6,700.0,0.0,0.0,0.0,1.0,62.5,0.0,0.0,0.0,0.0,0.0,0.0,0.0,0.0,0.0,3.0,0.0,0.0,0.0,250000.0
147,Sam Smith,ENG,Reading,Forward,26,1998,10.0,810.0,0.0,0.0,0.0,4.0,45.5,0.0,0.0,0.0,0.0,0.0,0.0,0.0,0.0,0.0,4.0,0.0,0.0,0.0,600000.0
148,Scott Smith,WAL,Wigan Athletic,Midfielder,23,2001,3.4,987.0,0.0,0.0,0.0,0.0,33.3,0.0,0.0,0.0,0.0,0.0,0.0,0.0,0.0,0.0,3.0,0.0,0.0,0.0,200000.0
149,Ruel Sotiriou,CYP,Bristol Rovers,Forward,24,2000,7.7,587.0,0.0,0.0,0.0,1.0,10.0,0.0,0.0,0.0,0.0,0.0,0.0,0.0,0.0,0.0,1.0,0.0,0.0,0.0,500000.0
150,Jay Stansfield,ENG,Birmingham City,Forward,21,2002,4.7,933.0,0.0,0.0,0.0,4.0,37.5,0.0,0.0,0.0,0.0,0.0,0.0,0.0,0.0,0.0,4.0,0.0,0.0,0.0,3500000.0
151,Ronnie Stutter,ENG,Burton Albion,Forward,19,2005,0.2,483.0,0.0,0.0,0.0,0.0,100.0,0.0,0.0,0.0,0.0,0.0,0.0,0.0,0.0,0.0,1.0,0.0,0.0,0.0,200000.0
152,Terry Taylor,SCO,Charlton Ath,Midfielder,23,2001,1.7,920.0,0.0,0.0,0.0,0.0,0.0,0.0,0.0,0.0,0.0,0.0,0.0,0.0,0.0,0.0,19.0,0.0,0.0,0.0,225000.0
153,Luke Thomas,ENG,Bristol Rovers,Midfielder,25,1999,7.2,979.0,0.0,0.0,0.0,0.0,25.0,0.0,0.0,0.0,0.0,0.0,0.0,0.0,0.0,0.0,22.0,0.0,0.0,0.0,500000.0
154,Ben Thompson,ENG,Stevenage,Midfielder,29,1995,0.0,983.0,0.0,0.0,0.0,0.0,0.0,0.0,0.0,0.0,0.0,0.0,0.0,0.0,0.0,0.0,0.0,0.0,0.0,0.0,275000.0
155,Daniel Udoh,NGA,Wycombe,Forward,28,1996,6.3,990.0,0.0,0.0,0.0,3.0,50.0,0.0,0.0,0.0,0.0,0.0,0.0,0.0,0.0,0.0,3.0,0.0,0.0,0.0,300000.0
156,Danny Ward,ENG,Huddersfield,Forward,32,1991,2.4,956.0,0.0,0.0,0.0,0.0,50.0,0.0,0.0,0.0,0.0,0.0,0.0,0.0,0.0,0.0,6.0,0.0,0.0,0.0,300000.0
157,Grant Ward,ENG,Bristol Rovers,Midfielder,29,1994,6.3,805.0,0.0,0.0,0.0,1.0,33.3,0.0,0.0,0.0,0.0,0.0,0.0,0.0,0.0,0.0,6.0,0.0,0.0,0.0,250000.0
158,Jayden Wareham,ENG,Reading,Forward,21,2003,1.3,904.0,0.0,0.0,0.0,1.0,33.3,0.0,0.0,0.0,0.0,0.0,0.0,0.0,0.0,0.0,0.0,0.0,0.0,0.0,100000.0
159,Tennai Watson,ENG,Charlton Ath,Midfielder,27,1997,1.4,692.0,0.0,0.0,0.0,0.0,0.0,0.0,0.0,0.0,0.0,0.0,0.0,0.0,0.0,0.0,1.0,0.0,0.0,0.0,250000.0
160,Caleb Watts,AUS,Exeter City,Midfielder,22,2002,0.4,566.0,0.0,0.0,0.0,1.0,50.0,0.0,0.0,0.0,0.0,0.0,0.0,0.0,0.0,0.0,1.0,0.0,0.0,0.0,200000.0
161,David Wheeler,ENG,Wycombe,Midfielder,34,1990,0.6,427.0,0.0,0.0,0.0,0.0,50.0,0.0,0.0,0.0,0.0,0.0,0.0,0.0,0.0,0.0,0.0,0.0,0.0,0.0,100000.0
162,Harvey White,ENG,Stevenage,Midfielder,23,2001,7.1,1080.0,0.0,0.0,0.0,1.0,28.6,0.0,0.0,0.0,0.0,0.0,0.0,0.0,0.0,0.0,66.0,0.0,0.0,0.0,300000.0
163,Jay Williams,SKN,Crawley Town,Midfielder,24,2000,10.4,602.0,0.0,0.0,0.0,0.0,20.0,0.0,0.0,0.0,0.0,0.0,0.0,0.0,0.0,0.0,0.0,0.0,0.0,0.0,175000.0
164,James Wilson,ENG,Northampton,Forward,28,1995,0.3,900.0,0.0,0.0,0.0,0.0,0.0,0.0,0.0,0.0,0.0,0.0,0.0,0.0,0.0,0.0,0.0,0.0,0.0,0.0,250000.0
165,James Wilson,ENG,Northampton,Forward,28,1995,0.3,900.0,0.0,0.0,0.0,0.0,0.0,0.0,0.0,0.0,0.0,0.0,0.0,0.0,0.0,0.0,0.0,0.0,0.0,0.0,75000.0
166,Lewis Wing,ENG,Reading,Midfielder,29,1995,11.0,779.0,0.0,0.0,0.0,2.0,21.1,0.0,0.0,0.0,0.0,0.0,0.0,0.0,0.0,0.0,55.0,0.0,0.0,0.0,650000.0
167,Kyle Wootton,ENG,Stockport,Forward,28,1996,8.8,565.0,0.0,0.0,0.0,4.0,45.5,0.0,0.0,0.0,0.0,0.0,0.0,0.0,0.0,0.0,2.0,0.0,0.0,0.0,300000.0
168,Scott Wright,SCO,Birmingham City,Forward,27,1997,2.0,551.0,0.0,0.0,0.0,1.0,12.5,0.0,0.0,0.0,0.0,0.0,0.0,0.0,0.0,0.0,7.0,0.0,0.0,0.0,1200000.0
169,Vimal Yoganathan,SRI,Barnsley,Midfielder,18,2006,1.2,649.0,0.0,0.0,0.0,0.0,0.0,0.0,0.0,0.0,0.0,0.0,0.0,0.0,0.0,0.0,0.0,0.0,0.0,0.0,0.0
170,Ayumu Yokoyama,JPN,Birmingham City,Forward,21,2003,1.2,718.0,0.0,0.0,0.0,0.0,25.0,0.0,0.0,0.0,0.0,0.0,0.0,0.0,0.0,0.0,2.0,0.0,0.0,0.0,600000.0
171,Jake Young,ENG,Stevenage,Forward,23,2001,3.5,767.0,0.0,0.0,0.0,1.0,62.5,0.0,0.0,0.0,0.0,0.0,0.0,0.0,0.0,0.0,2.0,0.0,0.0,0.0,300000.0
172,George Abbott,ENG,Notts County,Midfielder,19,2005,7.5,679.0,0.0,0.0,0.0,0.0,12.5,0.0,0.0,0.0,0.0,0.0,0.0,0.0,0.0,0.0,6.0,0.0,0.0,0.0,0.0
173,Emile Acquah,ENG,Barrow,Forward,24,2000,5.4,482.0,0.0,0.0,0.0,2.0,30.8,0.0,0.0,0.0,0.0,0.0,0.0,0.0,0.0,0.0,2.0,0.0,0.0,0.0,325000.0
174,Cameron Antwi,ENG,Newport County,Midfielder,23,2001,7.7,714.0,0.0,0.0,0.0,0.0,33.3,0.0,0.0,0.0,0.0,0.0,0.0,0.0,0.0,0.0,2.0,0.0,0.0,0.0,50000.0
175,Luke Armstrong,ENG,Carlisle United,Forward,28,1996,6.9,692.0,0.0,0.0,0.0,2.0,54.5,0.0,0.0,0.0,0.0,0.0,0.0,0.0,0.0,0.0,6.0,0.0,0.0,0.0,275000.0
176,Jude Arthurs,ENG,Bromley,Midfielder,23,2001,5.4,480.0,0.0,0.0,0.0,0.0,0.0,0.0,0.0,0.0,0.0,0.0,0.0,0.0,0.0,0.0,19.0,0.0,0.0,0.0,0.0
177,Zico Asare,ENG,Harrogate,Midfielder,23,2001,4.0,904.0,0.0,0.0,0.0,0.0,33.3,0.0,0.0,0.0,0.0,0.0,0.0,0.0,0.0,0.0,4.0,0.0,0.0,0.0,0.0
178,Ossama Ashley,ENG,Salford City,Midfielder,23,2000,7.7,487.0,0.0,0.0,0.0,0.0,33.3,0.0,0.0,0.0,0.0,0.0,0.0,0.0,0.0,0.0,2.0,0.0,0.0,0.0,100000.0
179,Owen Bailey,ENG,Doncaster,Midfielder,25,1999,12.9,600.0,0.0,0.0,0.0,1.0,14.3,0.0,0.0,0.0,0.0,0.0,0.0,0.0,0.0,0.0,8.0,0.0,0.0,0.0,300000.0
180,Courtney Baker-Richardson,ENG,Newport County,Forward,28,1995,9.0,1162.0,0.0,0.0,0.0,3.0,18.8,0.0,0.0,0.0,0.0,0.0,0.0,0.0,0.0,0.0,3.0,0.0,0.0,0.0,250000.0
181,Ollie Banks,ENG,Chesterfield,Midfielder,32,1992,8.6,808.0,0.0,0.0,0.0,0.0,16.7,0.0,0.0,0.0,0.0,0.0,0.0,0.0,0.0,0.0,26.0,0.0,0.0,0.0,0.0
182,Luca Barrington,ENG,Grimsby Town,Midfielder,19,2004,8.0,528.0,0.0,0.0,0.0,3.0,66.7,0.0,0.0,0.0,0.0,0.0,0.0,0.0,0.0,0.0,19.0,0.0,0.0,0.0,150000.0
184,Jay Benn,ENG,Bradford City,Midfielder,23,2001,3.5,1170.0,0.0,0.0,0.0,0.0,0.0,0.0,0.0,0.0,0.0,0.0,0.0,0.0,0.0,0.0,22.0,0.0,0.0,0.0,75000.0
186,Teddy Bishop,ENG,Colchester Utd,Midfielder,28,1996,5.8,914.0,0.0,0.0,0.0,0.0,41.7,0.0,0.0,0.0,0.0,0.0,0.0,0.0,0.0,0.0,18.0,0.0,0.0,0.0,250000.0
187,Omar Bogle,ENG,Crewe Alexandra,Forward,31,1993,0.9,798.0,0.0,0.0,0.0,0.0,33.3,0.0,0.0,0.0,0.0,0.0,0.0,0.0,0.0,0.0,4.0,0.0,0.0,0.0,225000.0
188,Zak Bradshaw,ENG,Tranmere Rovers,Midfielder,21,2003,4.7,435.0,0.0,0.0,0.0,0.0,25.0,0.0,0.0,0.0,0.0,0.0,0.0,0.0,0.0,0.0,6.0,0.0,0.0,0.0,50000.0
189,Kian Breckin,ENG,Crewe Alexandra,Midfielder,20,2003,3.3,838.0,0.0,0.0,0.0,0.0,0.0,0.0,0.0,0.0,0.0,0.0,0.0,0.0,0.0,0.0,6.0,0.0,0.0,0.0,100000.0
191,Ryan Broom,WAL,Fleetwood Town,Forward,28,1996,2.3,690.0,0.0,0.0,0.0,0.0,0.0,0.0,0.0,0.0,0.0,0.0,0.0,0.0,0.0,0.0,6.0,0.0,0.0,0.0,300000.0
192,Charlie Brown,ENG,Morecambe,Forward,25,1999,0.4,810.0,0.0,0.0,0.0,0.0,0.0,0.0,0.0,0.0,0.0,0.0,0.0,0.0,0.0,0.0,0.0,0.0,0.0,0.0,150000.0
193,Jevani Brown,JAM,Notts County,Forward,30,1994,1.6,419.0,0.0,0.0,0.0,0.0,60.0,0.0,0.0,0.0,0.0,0.0,0.0,0.0,0.0,0.0,0.0,0.0,0.0,0.0,250000.0
194,Warren Burrell,ENG,Harrogate,Midfielder,34,1990,4.5,777.0,0.0,0.0,0.0,0.0,100.0,0.0,0.0,0.0,0.0,0.0,0.0,0.0,0.0,0.0,3.0,0.0,0.0,0.0,75000.0
195,Daniel Butterworth,ENG,Carlisle United,Forward,25,1999,0.5,442.0,0.0,0.0,0.0,0.0,50.0,0.0,0.0,0.0,0.0,0.0,0.0,0.0,0.0,0.0,4.0,0.0,0.0,0.0,200000.0
196,Jake Cain,ENG,Swindon Town,Midfielder,23,2001,2.3,797.0,0.0,0.0,0.0,0.0,50.0,0.0,0.0,0.0,0.0,0.0,0.0,0.0,0.0,0.0,11.0,0.0,0.0,0.0,175000.0
197,Taylor Charters,ENG,Carlisle United,Forward,23,2001,1.3,731.0,0.0,0.0,0.0,0.0,0.0,0.0,0.0,0.0,0.0,0.0,0.0,0.0,0.0,0.0,4.0,0.0,0.0,0.0,100000.0
198,Adam Chicksen,ZIM,Notts County,Midfielder,33,1991,1.4,541.0,0.0,0.0,0.0,0.0,0.0,0.0,0.0,0.0,0.0,0.0,0.0,0.0,0.0,0.0,6.0,0.0,0.0,0.0,75000.0
199,Jayden Clarke,ENG,Gillingham,Midfielder,23,2001,9.7,697.0,0.0,0.0,0.0,4.0,50.0,0.0,0.0,0.0,0.0,0.0,0.0,0.0,0.0,0.0,7.0,0.0,0.0,0.0,150000.0
200,Ollie Clarke,ENG,Swindon Town,Midfielder,32,1992,5.0,637.0,0.0,0.0,0.0,0.0,33.3,0.0,0.0,0.0,0.0,0.0,0.0,0.0,0.0,0.0,7.0,0.0,0.0,0.0,150000.0
201,Harry Clifton,WAL,Doncaster,Midfielder,26,1998,9.2,941.0,0.0,0.0,0.0,2.0,31.8,0.0,0.0,0.0,0.0,0.0,0.0,0.0,0.0,0.0,11.0,0.0,0.0,0.0,250000.0
202,Ryan Colclough,ENG,Chesterfield,Midfielder,29,1994,3.5,448.0,0.0,0.0,0.0,0.0,22.2,0.0,0.0,0.0,0.0,0.0,0.0,0.0,0.0,0.0,13.0,0.0,0.0,0.0,0.0
203,Joel Colwill,WAL,Cheltenham,Midfielder,19,2004,9.5,514.0,0.0,0.0,0.0,2.0,22.2,0.0,0.0,0.0,0.0,0.0,0.0,0.0,0.0,0.0,11.0,0.0,0.0,0.0,0.0
204,Cameron Congreve,WAL,Bromley,Midfielder,20,2004,5.1,1141.0,0.0,0.0,0.0,0.0,10.0,0.0,0.0,0.0,0.0,0.0,0.0,0.0,0.0,0.0,32.0,0.0,0.0,0.0,350000.0
205,Max Conway,ENG,Crewe Alexandra,Midfielder,21,2003,9.3,452.0,0.0,0.0,0.0,1.0,30.0,0.0,0.0,0.0,0.0,0.0,0.0,0.0,0.0,0.0,40.0,0.0,0.0,0.0,0.0
206,Ryan Cooney,ENG,Crewe Alexandra,Midfielder,24,2000,9.2,828.0,0.0,0.0,0.0,2.0,40.0,0.0,0.0,0.0,0.0,0.0,0.0,0.0,0.0,0.0,27.0,0.0,0.0,0.0,250000.0
207,Joel Cotterill,WAL,Swindon Town,Midfielder,20,2004,10.0,507.0,0.0,0.0,0.0,1.0,33.3,0.0,0.0,0.0,0.0,0.0,0.0,0.0,0.0,0.0,10.0,0.0,0.0,0.0,75000.0
208,Ronan Coughlan,IRL,Fleetwood Town,Forward,29,1995,7.2,856.0,0.0,0.0,0.0,4.0,55.6,0.0,0.0,0.0,0.0,0.0,0.0,0.0,0.0,0.0,2.0,0.0,0.0,0.0,100000.0
209,George Cox,ENG,Swindon Town,Midfielder,26,1998,6.9,456.0,0.0,0.0,0.0,1.0,21.4,0.0,0.0,0.0,0.0,0.0,0.0,0.0,0.0,0.0,64.0,0.0,0.0,0.0,650000.0
210,Liam Coyle,ENG,Acc'ton Stanley,Midfielder,24,1999,2.5,711.0,0.0,0.0,0.0,0.0,33.3,0.0,0.0,0.0,0.0,0.0,0.0,0.0,0.0,0.0,0.0,0.0,0.0,0.0,125000.0
211,Ryan Croasdale,ENG,Port Vale,Midfielder,30,1994,9.2,840.0,0.0,0.0,0.0,2.0,33.3,0.0,0.0,0.0,0.0,0.0,0.0,0.0,0.0,0.0,6.0,0.0,0.0,0.0,275000.0
212,Robbie Cundy,ENG,Notts County,Midfielder,27,1997,1.5,831.0,0.0,0.0,0.0,0.0,50.0,0.0,0.0,0.0,0.0,0.0,0.0,0.0,0.0,0.0,0.0,0.0,0.0,0.0,200000.0
213,Ronan Curtis,IRL,Port Vale,Midfielder,28,1996,6.6,857.0,0.0,0.0,0.0,1.0,50.0,0.0,0.0,0.0,0.0,0.0,0.0,0.0,0.0,0.0,40.0,0.0,0.0,0.0,200000.0
214,Bradley Dack,ENG,Gillingham,Forward,30,1993,0.2,622.0,0.0,0.0,0.0,0.0,0.0,0.0,0.0,0.0,0.0,0.0,0.0,0.0,0.0,0.0,0.0,0.0,0.0,0.0,1000000.0
215,Marcus Dackers,WAL,Salford City,Midfielder,21,2003,0.7,902.0,0.0,0.0,0.0,0.0,0.0,0.0,0.0,0.0,0.0,0.0,0.0,0.0,0.0,0.0,0.0,0.0,0.0,0.0,50000.0
216,Marcus Dackers,WAL,Morecambe,Forward,21,2003,7.2,648.0,0.0,0.0,0.0,0.0,45.5,0.0,0.0,0.0,0.0,0.0,0.0,0.0,0.0,0.0,8.0,0.0,0.0,0.0,50000.0
217,Matty Daly,ENG,Harrogate,Midfielder,23,2001,6.8,450.0,0.0,0.0,0.0,1.0,55.6,0.0,0.0,0.0,0.0,0.0,0.0,0.0,0.0,0.0,6.0,0.0,0.0,0.0,300000.0
219,Jordan Davies,WAL,Grimsby Town,Midfielder,26,1998,1.5,1063.0,0.0,0.0,0.0,2.0,75.0,0.0,0.0,0.0,0.0,0.0,0.0,0.0,0.0,0.0,1.0,0.0,0.0,0.0,150000.0
220,Josh Davison,ENG,Tranmere Rovers,Forward,25,1999,4.9,597.0,0.0,0.0,0.0,0.0,12.5,0.0,0.0,0.0,0.0,0.0,0.0,0.0,0.0,0.0,1.0,0.0,0.0,0.0,225000.0
221,Kristian Dennis,ENG,Tranmere Rovers,Forward,34,1990,2.8,1073.0,0.0,0.0,0.0,1.0,33.3,0.0,0.0,0.0,0.0,0.0,0.0,0.0,0.0,0.0,8.0,0.0,0.0,0.0,100000.0
223,Timothée Dieng,FRA,Gillingham,Midfielder,32,1992,3.3,919.0,0.0,0.0,0.0,1.0,12.5,0.0,0.0,0.0,0.0,0.0,0.0,0.0,0.0,0.0,4.0,0.0,0.0,0.0,125000.0
224,Armando Dobra,ALB,Chesterfield,Midfielder,23,2001,10.8,443.0,0.0,0.0,0.0,2.0,28.1,0.0,0.0,0.0,0.0,0.0,0.0,0.0,0.0,0.0,9.0,0.0,0.0,0.0,0.0
225,Stephen Dooley,NIR,Harrogate,Midfielder,33,1991,9.2,910.0,0.0,0.0,0.0,1.0,44.4,0.0,0.0,0.0,0.0,0.0,0.0,0.0,0.0,0.0,3.0,0.0,0.0,0.0,100000.0
226,Gwion Edwards,WAL,Morecambe,Midfielder,31,1993,4.0,969.0,0.0,0.0,0.0,0.0,30.0,0.0,0.0,0.0,0.0,0.0,0.0,0.0,0.0,0.0,17.0,0.0,0.0,0.0,225000.0
227,Sonny Finch,ENG,MK Dons,Forward,19,2005,1.6,556.0,0.0,0.0,0.0,1.0,80.0,0.0,0.0,0.0,0.0,0.0,0.0,0.0,0.0,0.0,0.0,0.0,0.0,0.0,0.0
228,Sam Foley,IRL,Barrow,Midfielder,38,1986,6.5,1049.0,0.0,0.0,0.0,1.0,42.9,0.0,0.0,0.0,0.0,0.0,0.0,0.0,0.0,0.0,6.0,0.0,0.0,0.0,50000.0
230,Cameron Gardner,0,Grimsby Town,Midfielder,0,0,3.1,990.0,0.0,0.0,0.0,0.0,40.0,0.0,0.0,0.0,0.0,0.0,0.0,0.0,0.0,0.0,2.0,0.0,0.0,0.0,0.0
231,Jordan Gibson,ENG,Doncaster,Midfielder,26,1998,9.8,491.0,0.0,0.0,0.0,3.0,39.3,0.0,0.0,0.0,0.0,0.0,0.0,0.0,0.0,0.0,42.0,0.0,0.0,0.0,300000.0
232,Alex Gilbey,ENG,MK Dons,Midfielder,29,1994,12.8,743.0,0.0,0.0,0.0,4.0,48.3,0.0,0.0,0.0,0.0,0.0,0.0,0.0,0.0,0.0,4.0,0.0,0.0,0.0,300000.0
233,John-Kymani Gordon,ENG,Colchester Utd,Midfielder,21,2003,6.2,990.0,0.0,0.0,0.0,0.0,18.2,0.0,0.0,0.0,0.0,0.0,0.0,0.0,0.0,0.0,21.0,0.0,0.0,0.0,200000.0
234,Kellan Gordon,ENG,Notts County,Midfielder,26,1997,4.5,707.0,0.0,0.0,0.0,0.0,50.0,0.0,0.0,0.0,0.0,0.0,0.0,0.0,0.0,0.0,39.0,0.0,0.0,0.0,125000.0
235,Liam Gordon,GUY,Walsall,Midfielder,25,1999,10.5,587.0,0.0,0.0,0.0,0.0,0.0,0.0,0.0,0.0,0.0,0.0,0.0,0.0,0.0,0.0,35.0,0.0,0.0,0.0,250000.0
236,Conor Grant,IRL,Notts County,Midfielder,23,2001,6.0,899.0,0.0,0.0,0.0,0.0,42.9,0.0,0.0,0.0,0.0,0.0,0.0,0.0,0.0,0.0,6.0,0.0,0.0,0.0,175000.0
237,Conor Grant,IRL,Notts County,Midfielder,23,2001,6.0,899.0,0.0,0.0,0.0,0.0,42.9,0.0,0.0,0.0,0.0,0.0,0.0,0.0,0.0,0.0,6.0,0.0,0.0,0.0,225000.0
238,Conor Grant,ENG,Port Vale,Midfielder,29,1995,0.8,605.0,0.0,0.0,0.0,0.0,0.0,0.0,0.0,0.0,0.0,0.0,0.0,0.0,0.0,0.0,15.0,0.0,0.0,0.0,175000.0
239,Conor Grant,ENG,Port Vale,Midfielder,29,1995,0.8,605.0,0.0,0.0,0.0,0.0,0.0,0.0,0.0,0.0,0.0,0.0,0.0,0.0,0.0,0.0,15.0,0.0,0.0,0.0,225000.0
240,Ryan Graydon,IRL,Fleetwood Town,Forward,25,1999,8.8,444.0,0.0,0.0,0.0,2.0,15.0,0.0,0.0,0.0,0.0,0.0,0.0,0.0,0.0,0.0,8.0,0.0,0.0,0.0,150000.0
241,Oliver Greaves,ENG,Newport County,Midfielder,22,2001,2.0,1080.0,0.0,0.0,0.0,1.0,66.7,0.0,0.0,0.0,0.0,0.0,0.0,0.0,0.0,0.0,1.0,0.0,0.0,0.0,0.0
242,Will Grigg,NIR,Chesterfield,Forward,33,1991,8.1,769.0,0.0,0.0,0.0,7.0,58.8,0.0,0.0,0.0,0.0,0.0,0.0,0.0,0.0,0.0,2.0,0.0,0.0,0.0,0.0
243,Antwoine Hackford,ENG,Port Vale,Forward,20,2004,2.4,880.0,0.0,0.0,0.0,2.0,75.0,0.0,0.0,0.0,0.0,0.0,0.0,0.0,0.0,0.0,1.0,0.0,0.0,0.0,500000.0
244,George Hall,ENG,Walsall,Forward,20,2004,0.8,1151.0,0.0,0.0,0.0,0.0,0.0,0.0,0.0,0.0,0.0,0.0,0.0,0.0,0.0,0.0,0.0,0.0,0.0,0.0,2000000.0
245,Brad Halliday,ENG,Bradford City,Midfielder,29,1995,10.5,632.0,0.0,0.0,0.0,0.0,0.0,0.0,0.0,0.0,0.0,0.0,0.0,0.0,0.0,0.0,26.0,0.0,0.0,0.0,400000.0
246,Cameron Harper,SCO,Carlisle United,Midfielder,22,2001,8.5,900.0,0.0,0.0,0.0,0.0,37.5,0.0,0.0,0.0,0.0,0.0,0.0,0.0,0.0,0.0,51.0,0.0,0.0,0.0,375000.0
247,Kayden Harrack,GRN,Morecambe,Midfielder,20,2003,3.9,559.0,0.0,0.0,0.0,0.0,0.0,0.0,0.0,0.0,0.0,0.0,0.0,0.0,0.0,0.0,3.0,0.0,0.0,0.0,75000.0
248,Ellis Harrison,WAL,MK Dons,Forward,30,1994,2.1,1170.0,0.0,0.0,0.0,1.0,75.0,0.0,0.0,0.0,0.0,0.0,0.0,0.0,0.0,0.0,2.0,0.0,0.0,0.0,225000.0
250,Josh Hawkes,ENG,Tranmere Rovers,Forward,25,1999,0.2,516.0,0.0,0.0,0.0,0.0,0.0,0.0,0.0,0.0,0.0,0.0,0.0,0.0,0.0,0.0,1.0,0.0,0.0,0.0,225000.0
251,Ryan Haynes,ENG,Cheltenham,Midfielder,29,1995,4.8,1035.0,0.0,0.0,0.0,0.0,0.0,0.0,0.0,0.0,0.0,0.0,0.0,0.0,0.0,0.0,28.0,0.0,0.0,0.0,125000.0
252,Mark Helm,ENG,Fleetwood Town,Midfielder,23,2001,6.0,788.0,0.0,0.0,0.0,2.0,36.4,0.0,0.0,0.0,0.0,0.0,0.0,0.0,0.0,0.0,2.0,0.0,0.0,0.0,325000.0
253,Alex Henderson,ENG,Acc'ton Stanley,Midfielder,20,2004,0.5,706.0,0.0,0.0,0.0,0.0,50.0,0.0,0.0,0.0,0.0,0.0,0.0,0.0,0.0,0.0,0.0,0.0,0.0,0.0,75000.0
255,Myles Hippolyte,GRN,AFC Wimbledon,Midfielder,29,1994,7.9,1080.0,0.0,0.0,0.0,1.0,31.3,0.0,0.0,0.0,0.0,0.0,0.0,0.0,0.0,0.0,16.0,0.0,0.0,0.0,175000.0
256,Tom Hopper,ENG,Colchester Utd,Forward,30,1993,6.6,769.0,0.0,0.0,0.0,0.0,28.6,0.0,0.0,0.0,0.0,0.0,0.0,0.0,0.0,0.0,6.0,0.0,0.0,0.0,150000.0
257,Ashley Hunter,ENG,Acc'ton Stanley,Forward,29,1995,0.6,469.0,0.0,0.0,0.0,0.0,0.0,0.0,0.0,0.0,0.0,0.0,0.0,0.0,0.0,0.0,11.0,0.0,0.0,0.0,0.0
258,Kyle Hurst,ENG,Doncaster,Midfielder,22,2002,2.6,544.0,0.0,0.0,0.0,1.0,20.0,0.0,0.0,0.0,0.0,0.0,0.0,0.0,0.0,0.0,14.0,0.0,0.0,0.0,275000.0
259,Bradley Ihionvien,ENG,Colchester Utd,Midfielder,20,2003,0.9,982.0,0.0,0.0,0.0,0.0,0.0,0.0,0.0,0.0,0.0,0.0,0.0,0.0,0.0,0.0,4.0,0.0,0.0,0.0,100000.0
260,Brooklyn Ilunga,ENG,MK Dons,Forward,20,2003,0.5,429.0,0.0,0.0,0.0,0.0,0.0,0.0,0.0,0.0,0.0,0.0,0.0,0.0,0.0,0.0,4.0,0.0,0.0,0.0,75000.0
261,Danny Imray,ENG,Bromley,Midfielder,21,2003,10.6,692.0,0.0,0.0,0.0,0.0,46.2,0.0,0.0,0.0,0.0,0.0,0.0,0.0,0.0,0.0,61.0,0.0,0.0,0.0,0.0
262,Joe Ironside,ENG,Doncaster,Forward,31,1993,7.5,788.0,0.0,0.0,0.0,1.0,25.0,0.0,0.0,0.0,0.0,0.0,0.0,0.0,0.0,0.0,2.0,0.0,0.0,0.0,275000.0
263,Connor Jennings,ENG,Tranmere Rovers,Midfielder,32,1991,9.3,550.0,0.0,0.0,0.0,0.0,27.3,0.0,0.0,0.0,0.0,0.0,0.0,0.0,0.0,0.0,4.0,0.0,0.0,0.0,100000.0
264,Luke Jephcott,WAL,Newport County,Forward,24,2000,1.2,525.0,0.0,0.0,0.0,0.0,0.0,0.0,0.0,0.0,0.0,0.0,0.0,0.0,0.0,0.0,1.0,0.0,0.0,0.0,200000.0
265,Danny Johnson,ENG,Walsall,Forward,31,1993,0.6,596.0,0.0,0.0,0.0,2.0,42.9,0.0,0.0,0.0,0.0,0.0,0.0,0.0,0.0,0.0,0.0,0.0,0.0,0.0,100000.0
266,Callum Jones,WAL,Morecambe,Midfielder,23,2001,12.3,457.0,0.0,0.0,0.0,1.0,53.3,0.0,0.0,0.0,0.0,0.0,0.0,0.0,0.0,0.0,12.0,0.0,0.0,0.0,150000.0
267,Jordan Jones,NIR,Carlisle United,Midfielder,29,1994,5.4,965.0,0.0,0.0,0.0,0.0,30.0,0.0,0.0,0.0,0.0,0.0,0.0,0.0,0.0,0.0,60.0,0.0,0.0,0.0,275000.0
268,Mike Jones,ENG,Chesterfield,Midfielder,37,1987,0.2,723.0,0.0,0.0,0.0,0.0,0.0,0.0,0.0,0.0,0.0,0.0,0.0,0.0,0.0,0.0,0.0,0.0,0.0,0.0,0.0
269,Arkell Jude-Boyd,LCA,Cheltenham,Midfielder,21,2003,3.8,707.0,0.0,0.0,0.0,1.0,50.0,0.0,0.0,0.0,0.0,0.0,0.0,0.0,0.0,0.0,18.0,0.0,0.0,0.0,0.0
270,Georgie Kelly,IRL,Carlisle United,Forward,27,1996,0.3,1071.0,0.0,0.0,0.0,0.0,0.0,0.0,0.0,0.0,0.0,0.0,0.0,0.0,0.0,0.0,0.0,0.0,0.0,0.0,225000.0
271,Patrick Kelly,NIR,Doncaster,Midfielder,20,2004,4.8,676.0,0.0,0.0,0.0,0.0,55.6,0.0,0.0,0.0,0.0,0.0,0.0,0.0,0.0,0.0,15.0,0.0,0.0,0.0,200000.0
272,Evan Khouri,ENG,Grimsby Town,Midfielder,21,2003,12.7,1170.0,0.0,0.0,0.0,0.0,25.0,0.0,0.0,0.0,0.0,0.0,0.0,0.0,0.0,0.0,15.0,0.0,0.0,0.0,100000.0
273,Gavin Kilkenny,IRL,Swindon Town,Midfielder,24,2000,9.6,876.0,0.0,0.0,0.0,1.0,11.1,0.0,0.0,0.0,0.0,0.0,0.0,0.0,0.0,0.0,22.0,0.0,0.0,0.0,300000.0
274,Jeff King,ENG,Swindon Town,Midfielder,28,1995,6.9,712.0,0.0,0.0,0.0,0.0,33.3,0.0,0.0,0.0,0.0,0.0,0.0,0.0,0.0,0.0,44.0,0.0,0.0,0.0,0.0
275,Liam Kinsella,IRL,Cheltenham,Midfielder,28,1996,5.7,920.0,0.0,0.0,0.0,0.0,0.0,0.0,0.0,0.0,0.0,0.0,0.0,0.0,0.0,0.0,8.0,0.0,0.0,0.0,150000.0
276,Jimmy Knowles,ENG,Acc'ton Stanley,Midfielder,23,2001,6.1,834.0,0.0,0.0,0.0,1.0,30.0,0.0,0.0,0.0,0.0,0.0,0.0,0.0,0.0,0.0,1.0,0.0,0.0,0.0,0.0
277,Charlie Lakin,ENG,Walsall,Midfielder,25,1999,9.1,408.0,0.0,0.0,0.0,1.0,21.4,0.0,0.0,0.0,0.0,0.0,0.0,0.0,0.0,0.0,25.0,0.0,0.0,0.0,100000.0
278,Jack Lankester,ENG,Crewe Alexandra,Midfielder,24,2000,5.9,966.0,0.0,0.0,0.0,1.0,35.7,0.0,0.0,0.0,0.0,0.0,0.0,0.0,0.0,0.0,20.0,0.0,0.0,0.0,325000.0
279,George Lapslie,ENG,Gillingham,Midfielder,27,1997,7.3,1110.0,0.0,0.0,0.0,1.0,37.5,0.0,0.0,0.0,0.0,0.0,0.0,0.0,0.0,0.0,6.0,0.0,0.0,0.0,225000.0
280,Lewis Leigh,ENG,Bromley,Midfielder,20,2003,3.7,490.0,0.0,0.0,0.0,1.0,50.0,0.0,0.0,0.0,0.0,0.0,0.0,0.0,0.0,0.0,32.0,0.0,0.0,0.0,50000.0
281,Paul Lewis,ENG,Morecambe,Midfielder,29,1994,5.3,495.0,0.0,0.0,0.0,0.0,33.3,0.0,0.0,0.0,0.0,0.0,0.0,0.0,0.0,0.0,2.0,0.0,0.0,0.0,100000.0
282,Chris Long,ENG,Crewe Alexandra,Forward,29,1995,0.6,889.0,0.0,0.0,0.0,1.0,50.0,0.0,0.0,0.0,0.0,0.0,0.0,0.0,0.0,0.0,2.0,0.0,0.0,0.0,250000.0
283,Donald Love,SCO,Acc'ton Stanley,Midfielder,29,1994,10.6,428.0,0.0,0.0,0.0,1.0,45.5,0.0,0.0,0.0,0.0,0.0,0.0,0.0,0.0,0.0,26.0,0.0,0.0,0.0,175000.0
284,Nathan Lowe,ENG,Walsall,Forward,19,2005,8.5,1144.0,0.0,0.0,0.0,6.0,50.0,0.0,0.0,0.0,0.0,0.0,0.0,0.0,0.0,0.0,4.0,0.0,0.0,0.0,0.0
285,Junior Luamba,ENG,Salford City,Midfielder,21,2003,2.9,549.0,0.0,0.0,0.0,1.0,33.3,0.0,0.0,0.0,0.0,0.0,0.0,0.0,0.0,0.0,16.0,0.0,0.0,0.0,100000.0
286,Matty Lund,NIR,Salford City,Midfielder,33,1990,0.8,864.0,0.0,0.0,0.0,0.0,0.0,0.0,0.0,0.0,0.0,0.0,0.0,0.0,0.0,0.0,0.0,0.0,0.0,0.0,75000.0
287,Owen Lunt,ENG,Crewe Alexandra,Midfielder,20,2004,0.8,621.0,0.0,0.0,0.0,0.0,100.0,0.0,0.0,0.0,0.0,0.0,0.0,0.0,0.0,0.0,2.0,0.0,0.0,0.0,75000.0
288,Harvey Macadam,ENG,Morecambe,Midfielder,23,2001,6.1,515.0,0.0,0.0,0.0,0.0,0.0,0.0,0.0,0.0,0.0,0.0,0.0,0.0,0.0,0.0,14.0,0.0,0.0,0.0,100000.0
289,Paddy Madden,IRL,Chesterfield,Forward,34,1990,2.9,553.0,0.0,0.0,0.0,2.0,66.7,0.0,0.0,0.0,0.0,0.0,0.0,0.0,0.0,0.0,3.0,0.0,0.0,0.0,0.0
290,Ronan Maher,IRL,Walsall,Midfielder,19,2004,0.4,639.0,0.0,0.0,0.0,0.0,0.0,0.0,0.0,0.0,0.0,0.0,0.0,0.0,0.0,0.0,2.0,0.0,0.0,0.0,75000.0
292,Josh March,SCO,Harrogate,Forward,27,1997,2.3,534.0,0.0,0.0,0.0,1.0,28.6,0.0,0.0,0.0,0.0,0.0,0.0,0.0,0.0,0.0,1.0,0.0,0.0,0.0,100000.0
293,Dilan Markanday,ENG,Chesterfield,Midfielder,23,2001,9.4,657.0,0.0,0.0,0.0,4.0,43.5,0.0,0.0,0.0,0.0,0.0,0.0,0.0,0.0,0.0,62.0,0.0,0.0,0.0,400000.0
294,Jamille Matt,ENG,Walsall,Forward,35,1989,9.0,466.0,0.0,0.0,0.0,5.0,43.5,0.0,0.0,0.0,0.0,0.0,0.0,0.0,0.0,0.0,2.0,0.0,0.0,0.0,75000.0
295,Noah Mawene,ENG,Newport County,Midfielder,19,2005,4.0,1004.0,0.0,0.0,0.0,0.0,33.3,0.0,0.0,0.0,0.0,0.0,0.0,0.0,0.0,0.0,2.0,0.0,0.0,0.0,250000.0
296,Danny Mayor,ENG,Fleetwood Town,Midfielder,34,1990,10.1,759.0,0.0,0.0,0.0,2.0,54.5,0.0,0.0,0.0,0.0,0.0,0.0,0.0,0.0,0.0,24.0,0.0,0.0,0.0,100000.0
297,Conor McAleny,ENG,Salford City,Midfielder,32,1992,4.9,1170.0,0.0,0.0,0.0,0.0,52.9,0.0,0.0,0.0,0.0,0.0,0.0,0.0,0.0,0.0,3.0,0.0,0.0,0.0,100000.0
298,Jamie McDonnell,NIR,Colchester Utd,Midfielder,20,2004,1.6,479.0,0.0,0.0,0.0,0.0,0.0,0.0,0.0,0.0,0.0,0.0,0.0,0.0,0.0,0.0,2.0,0.0,0.0,0.0,200000.0
299,Sean McGurk,ENG,Swindon Town,Midfielder,21,2003,0.7,766.0,0.0,0.0,0.0,0.0,0.0,0.0,0.0,0.0,0.0,0.0,0.0,0.0,0.0,0.0,6.0,0.0,0.0,0.0,75000.0
300,Jenson Metcalfe,ENG,Chesterfield,Midfielder,20,2004,5.1,1109.0,0.0,0.0,0.0,0.0,25.0,0.0,0.0,0.0,0.0,0.0,0.0,0.0,0.0,0.0,10.0,0.0,0.0,0.0,150000.0
301,Jamie Miley,ENG,Newport County,Midfielder,20,2004,0.8,1080.0,0.0,0.0,0.0,0.0,0.0,0.0,0.0,0.0,0.0,0.0,0.0,0.0,0.0,0.0,1.0,0.0,0.0,0.0,0.0
302,Luke Molyneux,ENG,Doncaster,Midfielder,26,1998,11.2,497.0,0.0,0.0,0.0,5.0,35.7,0.0,0.0,0.0,0.0,0.0,0.0,0.0,0.0,0.0,93.0,0.0,0.0,0.0,300000.0
303,Kelsey Mooney,ENG,Acc'ton Stanley,Forward,25,1999,7.7,848.0,0.0,0.0,0.0,2.0,33.3,0.0,0.0,0.0,0.0,0.0,0.0,0.0,0.0,0.0,3.0,0.0,0.0,0.0,0.0
304,Jack Muldoon,ENG,Harrogate,Forward,35,1989,8.9,809.0,0.0,0.0,0.0,0.0,46.2,0.0,0.0,0.0,0.0,0.0,0.0,0.0,0.0,0.0,5.0,0.0,0.0,0.0,75000.0
305,Aaron Nemane,ENG,MK Dons,Midfielder,27,1997,11.3,437.0,0.0,0.0,0.0,0.0,28.6,0.0,0.0,0.0,0.0,0.0,0.0,0.0,0.0,0.0,29.0,0.0,0.0,0.0,250000.0
306,Elliot Newby,ENG,Barrow,Midfielder,28,1995,9.7,994.0,0.0,0.0,0.0,1.0,56.3,0.0,0.0,0.0,0.0,0.0,0.0,0.0,0.0,0.0,24.0,0.0,0.0,0.0,200000.0
307,Jack Nolan,ENG,Gillingham,Midfielder,23,2001,9.6,1080.0,0.0,0.0,0.0,1.0,20.0,0.0,0.0,0.0,0.0,0.0,0.0,0.0,0.0,0.0,77.0,0.0,0.0,0.0,200000.0
309,Luke Norris,ENG,Tranmere Rovers,Forward,31,1993,5.5,669.0,0.0,0.0,0.0,0.0,25.0,0.0,0.0,0.0,0.0,0.0,0.0,0.0,0.0,0.0,1.0,0.0,0.0,0.0,125000.0
310,Lee O'Connor,IRL,Tranmere Rovers,Midfielder,24,2000,11.0,1170.0,0.0,0.0,0.0,0.0,16.7,0.0,0.0,0.0,0.0,0.0,0.0,0.0,0.0,0.0,19.0,0.0,0.0,0.0,300000.0
311,Justin Obikwu,TRI,Grimsby Town,Forward,20,2004,0.8,648.0,0.0,0.0,0.0,1.0,25.0,0.0,0.0,0.0,0.0,0.0,0.0,0.0,0.0,0.0,0.0,0.0,0.0,0.0,0.0
312,Idris Odutayo,ENG,Bromley,Midfielder,21,2002,11.8,1065.0,0.0,0.0,0.0,0.0,20.0,0.0,0.0,0.0,0.0,0.0,0.0,0.0,0.0,0.0,23.0,0.0,0.0,0.0,0.0
313,Vadaine Oliver,ENG,Bradford City,Forward,33,1991,1.0,494.0,0.0,0.0,0.0,0.0,0.0,0.0,0.0,0.0,0.0,0.0,0.0,0.0,0.0,0.0,1.0,0.0,0.0,0.0,50000.0
314,Olufela Olomola,ENG,Bromley,Forward,27,1997,3.1,1008.0,0.0,0.0,0.0,1.0,33.3,0.0,0.0,0.0,0.0,0.0,0.0,0.0,0.0,0.0,3.0,0.0,0.0,0.0,0.0
315,Matt Palmer,ENG,Notts County,Midfielder,29,1995,8.6,883.0,0.0,0.0,0.0,0.0,50.0,0.0,0.0,0.0,0.0,0.0,0.0,0.0,0.0,0.0,30.0,0.0,0.0,0.0,175000.0
316,Josh Passley,ENG,Bromley,Midfielder,29,1994,0.3,701.0,0.0,0.0,0.0,0.0,100.0,0.0,0.0,0.0,0.0,0.0,0.0,0.0,0.0,0.0,1.0,0.0,0.0,0.0,0.0
317,Omari Patrick,ENG,Tranmere Rovers,Midfielder,28,1996,10.0,804.0,0.0,0.0,0.0,4.0,41.7,0.0,0.0,0.0,0.0,0.0,0.0,0.0,0.0,0.0,32.0,0.0,0.0,0.0,150000.0
318,Jack Payne,ENG,Colchester Utd,Midfielder,29,1994,11.3,1080.0,0.0,0.0,0.0,2.0,32.1,0.0,0.0,0.0,0.0,0.0,0.0,0.0,0.0,0.0,65.0,0.0,0.0,0.0,450000.0
320,Tom Pett,ENG,Cheltenham,Midfielder,32,1991,5.3,886.0,0.0,0.0,0.0,0.0,42.9,0.0,0.0,0.0,0.0,0.0,0.0,0.0,0.0,0.0,4.0,0.0,0.0,0.0,100000.0
321,Bobby Pointon,ENG,Bradford City,Midfielder,20,2004,4.9,871.0,0.0,0.0,0.0,2.0,40.0,0.0,0.0,0.0,0.0,0.0,0.0,0.0,0.0,0.0,17.0,0.0,0.0,0.0,175000.0
322,Arthur Read,ENG,Colchester Utd,Midfielder,24,1999,6.0,986.0,0.0,0.0,0.0,1.0,45.5,0.0,0.0,0.0,0.0,0.0,0.0,0.0,0.0,0.0,11.0,0.0,0.0,0.0,250000.0
323,Rico Richards,ENG,Port Vale,Forward,21,2003,2.3,621.0,0.0,0.0,0.0,1.0,42.9,0.0,0.0,0.0,0.0,0.0,0.0,0.0,0.0,0.0,3.0,0.0,0.0,0.0,150000.0
324,Ethan Robson,ENG,Carlisle United,Midfielder,27,1996,0.6,720.0,0.0,0.0,0.0,0.0,100.0,0.0,0.0,0.0,0.0,0.0,0.0,0.0,0.0,0.0,1.0,0.0,0.0,0.0,200000.0
325,Danny Rose,ENG,Grimsby Town,Forward,30,1993,9.6,871.0,0.0,0.0,0.0,2.0,50.0,0.0,0.0,0.0,0.0,0.0,0.0,0.0,0.0,0.0,6.0,0.0,0.0,0.0,175000.0
326,Aaron Rowe,ENG,Gillingham,Midfielder,24,2000,1.3,477.0,0.0,0.0,0.0,0.0,66.7,0.0,0.0,0.0,0.0,0.0,0.0,0.0,0.0,0.0,1.0,0.0,0.0,0.0,150000.0
327,Dominic Sadi,ENG,Carlisle United,Midfielder,21,2003,6.9,1015.0,0.0,0.0,0.0,1.0,57.1,0.0,0.0,0.0,0.0,0.0,0.0,0.0,0.0,0.0,14.0,0.0,0.0,0.0,100000.0
328,Harvey Saunders,ENG,Tranmere Rovers,Forward,27,1997,5.6,771.0,0.0,0.0,0.0,1.0,37.5,0.0,0.0,0.0,0.0,0.0,0.0,0.0,0.0,0.0,4.0,0.0,0.0,0.0,150000.0
329,Cedwyn Scott,ENG,Notts County,Midfielder,25,1998,2.8,420.0,0.0,0.0,0.0,0.0,0.0,0.0,0.0,0.0,0.0,0.0,0.0,0.0,0.0,0.0,2.0,0.0,0.0,0.0,100000.0
330,Billy Sharp,ENG,Doncaster,Forward,38,1986,8.1,465.0,0.0,0.0,0.0,3.0,31.6,0.0,0.0,0.0,0.0,0.0,0.0,0.0,0.0,0.0,9.0,0.0,0.0,0.0,200000.0
331,Jordan Slew,ENG,Morecambe,Midfielder,32,1992,4.4,444.0,0.0,0.0,0.0,0.0,18.2,0.0,0.0,0.0,0.0,0.0,0.0,0.0,0.0,0.0,9.0,0.0,0.0,0.0,100000.0
332,Tyler Smith,ENG,Bradford City,Forward,25,1998,0.7,429.0,0.0,0.0,0.0,0.0,0.0,0.0,0.0,0.0,0.0,0.0,0.0,0.0,0.0,0.0,0.0,0.0,0.0,0.0,200000.0
333,Harrison Sohna,ENG,Cheltenham,Midfielder,22,2002,4.5,988.0,0.0,0.0,0.0,0.0,33.3,0.0,0.0,0.0,0.0,0.0,0.0,0.0,0.0,0.0,13.0,0.0,0.0,0.0,0.0
334,Yann Songo'o,CMR,Morecambe,Midfielder,32,1991,8.8,541.0,0.0,0.0,0.0,1.0,14.3,0.0,0.0,0.0,0.0,0.0,0.0,0.0,0.0,0.0,2.0,0.0,0.0,0.0,100000.0
335,Michael Spellman,ENG,Newport County,Midfielder,22,2002,1.0,901.0,0.0,0.0,0.0,1.0,33.3,0.0,0.0,0.0,0.0,0.0,0.0,0.0,0.0,0.0,3.0,0.0,0.0,0.0,0.0
336,Ryan Stirk,WAL,Walsall,Midfielder,24,2000,11.7,1170.0,0.0,0.0,0.0,0.0,14.3,0.0,0.0,0.0,0.0,0.0,0.0,0.0,0.0,0.0,4.0,0.0,0.0,0.0,275000.0
337,Levi Sutton,ENG,Harrogate,Midfielder,28,1996,5.6,1020.0,0.0,0.0,0.0,0.0,12.5,0.0,0.0,0.0,0.0,0.0,0.0,0.0,0.0,0.0,1.0,0.0,0.0,0.0,150000.0
338,Jon Taylor,ENG,Salford City,Midfielder,32,1992,3.1,619.0,0.0,0.0,0.0,1.0,50.0,0.0,0.0,0.0,0.0,0.0,0.0,0.0,0.0,0.0,16.0,0.0,0.0,0.0,75000.0
339,Matty Taylor,ENG,Cheltenham,Forward,34,1990,5.4,762.0,0.0,0.0,0.0,1.0,33.3,0.0,0.0,0.0,0.0,0.0,0.0,0.0,0.0,0.0,8.0,0.0,0.0,0.0,100000.0
340,Adrien Thibaut,IRL,Crewe Alexandra,Forward,20,2004,2.2,507.0,0.0,0.0,0.0,1.0,66.7,0.0,0.0,0.0,0.0,0.0,0.0,0.0,0.0,0.0,0.0,0.0,0.0,0.0,0.0
341,Kane Thompson-Sommers,ENG,MK Dons,Midfielder,23,2000,0.3,1170.0,0.0,0.0,0.0,0.0,0.0,0.0,0.0,0.0,0.0,0.0,0.0,0.0,0.0,0.0,0.0,0.0,0.0,0.0,0.0
342,George Thomson,SCO,Harrogate,Midfielder,32,1992,0.9,732.0,0.0,0.0,0.0,0.0,0.0,0.0,0.0,0.0,0.0,0.0,0.0,0.0,0.0,0.0,5.0,0.0,0.0,0.0,100000.0
343,James Tilley,ENG,AFC Wimbledon,Midfielder,26,1998,5.2,754.0,0.0,0.0,0.0,1.0,44.4,0.0,0.0,0.0,0.0,0.0,0.0,0.0,0.0,0.0,60.0,0.0,0.0,0.0,350000.0
344,Lorent Tolaj,SUI,Port Vale,Midfielder,23,2001,7.6,496.0,0.0,0.0,0.0,2.0,35.0,0.0,0.0,0.0,0.0,0.0,0.0,0.0,0.0,0.0,1.0,0.0,0.0,0.0,0.0
345,Joe Tomlinson,ENG,MK Dons,Midfielder,24,2000,13.0,990.0,0.0,0.0,0.0,4.0,42.3,0.0,0.0,0.0,0.0,0.0,0.0,0.0,0.0,0.0,56.0,0.0,0.0,0.0,200000.0
346,Besart Topalloj,ENG,Bromley,Midfielder,23,2001,2.3,1102.0,0.0,0.0,0.0,0.0,33.3,0.0,0.0,0.0,0.0,0.0,0.0,0.0,0.0,0.0,5.0,0.0,0.0,0.0,0.0
347,Shilow Tracey,ENG,Crewe Alexandra,Forward,26,1998,9.9,1170.0,0.0,0.0,0.0,2.0,30.8,0.0,0.0,0.0,0.0,0.0,0.0,0.0,0.0,0.0,11.0,0.0,0.0,0.0,300000.0
348,Kabongo Tshimanga,ENG,Swindon Town,Forward,27,1997,6.0,532.0,0.0,0.0,0.0,1.0,57.1,0.0,0.0,0.0,0.0,0.0,0.0,0.0,0.0,0.0,3.0,0.0,0.0,0.0,150000.0
349,Josh Vela,ENG,Carlisle United,Midfielder,30,1993,9.2,409.0,0.0,0.0,0.0,0.0,30.0,0.0,0.0,0.0,0.0,0.0,0.0,0.0,0.0,0.0,5.0,0.0,0.0,0.0,300000.0
350,Matty Virtue,ENG,Fleetwood Town,Midfielder,27,1997,6.7,792.0,0.0,0.0,0.0,3.0,38.5,0.0,0.0,0.0,0.0,0.0,0.0,0.0,0.0,0.0,14.0,0.0,0.0,0.0,275000.0
351,Jacob Wakeling,ENG,Gillingham,Forward,23,2001,3.7,488.0,0.0,0.0,0.0,1.0,33.3,0.0,0.0,0.0,0.0,0.0,0.0,0.0,0.0,0.0,7.0,0.0,0.0,0.0,225000.0
352,Jamie Walker,SCO,Bradford City,Midfielder,31,1993,8.1,982.0,0.0,0.0,0.0,1.0,20.0,0.0,0.0,0.0,0.0,0.0,0.0,0.0,0.0,0.0,37.0,0.0,0.0,0.0,275000.0
353,Tyler Walton,ENG,Acc'ton Stanley,Midfielder,26,1998,5.6,946.0,0.0,0.0,0.0,2.0,58.3,0.0,0.0,0.0,0.0,0.0,0.0,0.0,0.0,0.0,14.0,0.0,0.0,0.0,0.0
354,Ryan Watson,ENG,Salford City,Midfielder,31,1993,0.3,1055.0,0.0,0.0,0.0,0.0,0.0,0.0,0.0,0.0,0.0,0.0,0.0,0.0,0.0,0.0,0.0,0.0,0.0,0.0,150000.0
355,Stephen Wearne,ENG,MK Dons,Midfielder,23,2000,4.0,734.0,0.0,0.0,0.0,0.0,33.3,0.0,0.0,0.0,0.0,0.0,0.0,0.0,0.0,0.0,1.0,0.0,0.0,0.0,250000.0
356,Zain Westbrooke,ENG,Doncaster,Midfielder,27,1996,1.7,1170.0,0.0,0.0,0.0,0.0,0.0,0.0,0.0,0.0,0.0,0.0,0.0,0.0,0.0,0.0,4.0,0.0,0.0,0.0,175000.0
357,Charlie Weston,ENG,Barrow,Midfielder,20,2004,0.2,900.0,0.0,0.0,0.0,0.0,0.0,0.0,0.0,0.0,0.0,0.0,0.0,0.0,0.0,0.0,0.0,0.0,0.0,0.0,0.0
358,Shaun Whalley,ENG,Acc'ton Stanley,Midfielder,37,1987,11.6,500.0,0.0,0.0,0.0,3.0,31.0,0.0,0.0,0.0,0.0,0.0,0.0,0.0,0.0,0.0,93.0,0.0,0.0,0.0,50000.0
359,Joe White,ENG,MK Dons,Midfielder,22,2002,3.6,793.0,0.0,0.0,0.0,2.0,66.7,0.0,0.0,0.0,0.0,0.0,0.0,0.0,0.0,0.0,5.0,0.0,0.0,0.0,300000.0
360,Tom White,ENG,Morecambe,Midfielder,27,1997,2.4,403.0,0.0,0.0,0.0,0.0,0.0,0.0,0.0,0.0,0.0,0.0,0.0,0.0,0.0,0.0,1.0,0.0,0.0,0.0,175000.0
361,Aaron Wildig,WAL,Newport County,Midfielder,32,1992,10.5,556.0,0.0,0.0,0.0,4.0,50.0,0.0,0.0,0.0,0.0,0.0,0.0,0.0,0.0,0.0,6.0,0.0,0.0,0.0,100000.0
362,David Worrall,ENG,Barrow,Forward,34,1990,0.3,466.0,0.0,0.0,0.0,0.0,0.0,0.0,0.0,0.0,0.0,0.0,0.0,0.0,0.0,0.0,2.0,0.0,0.0,0.0,75000.0
363,Tyreik Wright,IRL,Bradford City,Midfielder,23,2001,10.0,683.0,0.0,0.0,0.0,0.0,16.7,0.0,0.0,0.0,0.0,0.0,0.0,0.0,0.0,0.0,73.0,0.0,0.0,0.0,250000.0
364,Charlie Wyke,ENG,Carlisle United,Forward,31,1992,9.4,1167.0,0.0,0.0,0.0,2.0,18.8,0.0,0.0,0.0,0.0,0.0,0.0,0.0,0.0,0.0,0.0,0.0,0.0,0.0,150000.0
365,Ephraim Yeboah,GHA,Doncaster,Midfielder,18,2006,2.7,889.0,0.0,0.0,0.0,0.0,28.6,0.0,0.0,0.0,0.0,0.0,0.0,0.0,0.0,0.0,9.0,0.0,0.0,0.0,0.0
366,Luke Young,ENG,Cheltenham,Midfielder,31,1993,11.3,1080.0,0.0,0.0,0.0,2.0,46.7,0.0,0.0,0.0,0.0,0.0,0.0,0.0,0.0,0.0,36.0,0.0,0.0,0.0,125000.0
367,Brenden Aaronson,USA,Leeds United,Midfielder,23,2000,0.0,652.0,78.6,1.0,9.0,2.0,0.0,27.0,3.0,167.0,171.0,15.0,14.0,44.0,6.0,46.7,19.0,12.0,1.0,27.0,11000000.0
368,Elijah Adebayo,ENG,Luton Town,Forward,26,1998,0.0,667.0,72.3,0.0,3.0,0.0,0.0,15.0,0.0,56.0,113.0,5.0,8.0,35.0,0.0,46.3,2.0,4.0,2.0,13.0,11000000.0
369,Jamie Allen,ENG,Coventry City,Midfielder,29,1995,0.0,802.0,85.5,0.0,1.0,0.0,0.0,2.0,0.0,41.0,13.0,0.0,0.0,2.0,1.0,50.0,0.0,3.0,0.0,5.0,1000000.0
370,Ethan Ampadu,WAL,Leeds United,Midfielder,24,2000,0.0,450.0,85.5,0.0,4.0,0.0,0.0,13.0,1.0,331.0,68.0,3.0,6.0,4.0,9.0,70.6,3.0,18.0,6.0,30.0,16000000.0
371,Jaidon Anthony,ENG,Burnley,Forward,24,1999,0.0,557.0,76.2,1.0,6.0,0.0,0.0,13.0,1.0,66.0,103.0,6.0,25.0,45.0,1.0,10.0,16.0,6.0,2.0,17.0,6000000.0
372,Adil Aouchiche,FRA,Sunderland,Midfielder,22,2002,0.0,433.0,100.0,0.0,0.0,0.0,0.0,0.0,0.0,8.0,2.0,0.0,0.0,0.0,0.0,0.0,0.0,0.0,0.0,1.0,2500000.0
373,Cian Ashford,WAL,Cardiff City,Forward,20,2004,0.0,434.0,50.0,0.0,0.0,0.0,0.0,0.0,0.0,3.0,5.0,0.0,0.0,2.0,0.0,100.0,2.0,0.0,0.0,0.0,150000.0
374,Finn Azaz,IRL,Middlesbrough,Midfielder,24,2000,0.0,540.0,68.1,2.0,15.0,0.0,0.0,52.0,5.0,164.0,222.0,10.0,20.0,60.0,3.0,0.0,62.0,5.0,3.0,26.0,5000000.0
375,Kwadwo Baah,ENG,Watford,Forward,21,2003,0.0,536.0,50.0,0.0,1.0,1.0,0.0,3.0,2.0,21.0,45.0,7.0,10.0,19.0,1.0,0.0,3.0,4.0,1.0,5.0,300000.0
376,Lewis Baker,ENG,Blackburn,Forward,29,1995,0.0,810.0,77.8,0.0,0.0,0.0,0.0,3.0,0.0,37.0,26.0,1.0,5.0,5.0,2.0,50.0,3.0,3.0,1.0,9.0,1800000.0
377,Tom Barkhuizen,ENG,Derby County,Forward,31,1993,0.0,462.0,64.9,0.0,1.0,0.0,0.0,2.0,0.0,17.0,25.0,2.0,3.0,6.0,0.0,75.0,1.0,3.0,0.0,8.0,450000.0
378,Tom Bradshaw,WAL,Millwall,Forward,32,1992,0.0,567.0,71.4,0.0,1.0,1.0,0.0,4.0,0.0,24.0,23.0,2.0,1.0,4.0,1.0,17.9,1.0,1.0,0.0,6.0,600000.0
380,Cameron Brannagan,ENG,Oxford United,Midfielder,28,1996,0.0,581.0,83.0,1.0,3.0,1.0,0.0,7.0,1.0,93.0,33.0,0.0,3.0,3.0,3.0,0.0,3.0,8.0,4.0,14.0,500000.0
381,Josh Brownhill,ENG,Burnley,Midfielder,28,1995,0.0,540.0,76.3,1.0,4.0,4.0,0.0,18.0,4.0,222.0,160.0,2.0,5.0,26.0,4.0,43.8,19.0,15.0,9.0,31.0,13000000.0
382,Tawanda Chirewa,ZIM,Derby County,Midfielder,21,2003,0.0,495.0,76.0,0.0,0.0,0.0,0.0,3.0,0.0,25.0,9.0,2.0,0.0,5.0,2.0,0.0,0.0,3.0,1.0,5.0,500000.0
383,Jordan Clark,ENG,Luton Town,Midfielder,31,1993,0.0,810.0,76.3,0.0,6.0,1.0,0.0,18.0,1.0,145.0,91.0,10.0,14.0,29.0,0.0,15.4,10.0,9.0,7.0,32.0,1000000.0
384,Jack Colback,ENG,QPR,Midfielder,34,1989,0.0,809.0,88.5,0.0,0.0,0.0,0.0,1.0,0.0,71.0,19.0,2.0,0.0,1.0,1.0,25.0,0.0,2.0,2.0,6.0,300000.0
385,Devante Cole,ENG,West Brom,Forward,29,1995,0.0,649.0,33.3,0.0,0.0,0.0,0.0,0.0,0.0,2.0,3.0,0.0,1.0,1.0,0.0,33.3,0.0,0.0,0.0,1.0,800000.0
386,Rubin Colwill,WAL,Cardiff City,Midfielder,22,2002,0.0,760.0,74.8,1.0,8.0,0.0,0.0,24.0,2.0,150.0,126.0,14.0,20.0,40.0,6.0,50.0,16.0,12.0,0.0,38.0,1200000.0
387,Tommy Conway,SCO,Middlesbrough,Midfielder,22,2002,0.0,786.0,78.4,0.0,2.0,2.0,0.0,7.0,0.0,32.0,76.0,1.0,14.0,31.0,0.0,0.0,8.0,1.0,0.0,4.0,4800000.0
388,Josh Cullen,IRL,Burnley,Midfielder,28,1996,0.0,537.0,88.3,0.0,1.0,0.0,0.0,10.0,1.0,237.0,61.0,1.0,1.0,6.0,5.0,33.3,4.0,6.0,3.0,19.0,8000000.0
389,Owen Dale,ENG,Oxford United,Midfielder,25,1998,0.0,690.0,68.8,0.0,2.0,0.0,0.0,2.0,0.0,8.0,15.0,0.0,2.0,4.0,0.0,0.0,1.0,0.0,0.0,2.0,450000.0
390,Jaden Dixon,ENG,Stoke City,Forward,17,2007,0.0,810.0,100.0,0.0,0.0,0.0,0.0,0.0,0.0,3.0,0.0,0.0,0.0,0.0,0.0,0.0,0.0,0.0,0.0,0.0,300000.0
391,Elijah Dixon-Bonner,ENG,QPR,Midfielder,23,2001,0.0,765.0,66.7,0.0,0.0,0.0,0.0,0.0,0.0,6.0,2.0,0.0,0.0,1.0,0.0,0.0,0.0,0.0,0.0,1.0,350000.0
392,Ben Doak,SCO,Middlesbrough,Forward,18,2005,0.0,630.0,75.8,0.0,11.0,1.0,0.0,18.0,1.0,31.0,131.0,6.0,25.0,55.0,3.0,100.0,11.0,3.0,0.0,12.0,10000000.0
393,Tyrhys Dolan,ENG,Blackburn,Midfielder,22,2001,0.0,655.0,76.1,2.0,5.0,1.0,0.0,25.0,5.0,142.0,131.0,9.0,14.0,53.0,6.0,25.0,8.0,14.0,1.0,44.0,5000000.0
394,Andre Dozzell,ENG,Portsmouth,Midfielder,25,1999,0.0,810.0,84.0,0.0,2.0,0.0,0.0,8.0,0.0,124.0,36.0,0.0,1.0,1.0,3.0,25.0,12.0,4.0,1.0,14.0,1000000.0
395,Lyndon Dykes,SCO,QPR,Forward,29,1995,0.0,810.0,25.0,0.0,0.0,1.0,0.0,0.0,0.0,1.0,2.0,0.0,0.0,0.0,0.0,66.7,0.0,0.0,0.0,1.0,2000000.0
397,Aidomo Emakhu,IRL,Millwall,Forward,20,2003,0.0,624.0,54.5,0.0,1.0,0.0,0.0,2.0,0.0,10.0,17.0,1.0,2.0,2.0,0.0,0.0,5.0,2.0,1.0,3.0,900000.0
398,Zian Flemming,NED,Burnley,Forward,26,1998,0.0,810.0,61.9,0.0,2.0,0.0,0.0,3.0,0.0,24.0,13.0,0.0,2.0,8.0,2.0,50.0,2.0,3.0,0.0,6.0,4200000.0
399,Adam Forshaw,ENG,Plymouth Argyle,Midfielder,33,1991,0.0,540.0,87.2,0.0,1.0,0.0,0.0,6.0,0.0,133.0,33.0,0.0,1.0,9.0,3.0,100.0,3.0,12.0,3.0,16.0,350000.0
400,Amankwah Forson,GHA,Norwich City,Midfielder,21,2002,0.0,807.0,77.9,1.0,4.0,0.0,0.0,7.0,1.0,88.0,47.0,1.0,6.0,15.0,3.0,0.0,5.0,6.0,1.0,13.0,5000000.0
401,Lyle Foster,RSA,Burnley,Forward,24,2000,0.0,810.0,77.5,1.0,1.0,1.0,0.0,12.0,3.0,115.0,87.0,7.0,11.0,27.0,2.0,29.3,1.0,5.0,1.0,15.0,13000000.0
402,Morgan Fox,WAL,QPR,Midfielder,31,1993,0.0,810.0,75.0,0.0,1.0,0.0,0.0,2.0,0.0,12.0,0.0,0.0,0.0,0.0,0.0,100.0,0.0,0.0,1.0,1.0,600000.0
403,Sam Gallagher,ENG,Stoke City,Forward,29,1995,0.0,744.0,46.4,1.0,2.0,1.0,0.0,5.0,2.0,29.0,26.0,1.0,2.0,6.0,1.0,33.3,1.0,4.0,0.0,4.0,1800000.0
404,Djeidi Gassama,FRA,Sheffield Weds,Forward,21,2003,0.0,630.0,74.3,0.0,7.0,1.0,0.0,12.0,0.0,48.0,67.0,6.0,10.0,21.0,3.0,25.0,4.0,5.0,1.0,21.0,1000000.0
405,Liam Gibbs,ENG,Norwich City,Midfielder,21,2002,0.0,458.0,79.7,0.0,1.0,0.0,0.0,1.0,0.0,38.0,26.0,2.0,4.0,9.0,2.0,0.0,6.0,3.0,0.0,5.0,2200000.0
406,Lynden Gooch,USA,Stoke City,Forward,28,1995,0.0,735.0,61.2,0.0,1.0,0.0,0.0,2.0,0.0,43.0,56.0,2.0,7.0,11.0,2.0,0.0,15.0,7.0,2.0,15.0,1200000.0
407,Kenzo Goudmijn,NED,Derby County,Midfielder,22,2001,0.0,810.0,73.3,0.0,9.0,2.0,0.0,25.0,0.0,220.0,109.0,11.0,18.0,20.0,5.0,22.2,25.0,11.0,9.0,40.0,1500000.0
408,Sam Greenwood,ENG,Preston,Midfielder,22,2002,0.0,432.0,56.6,0.0,2.0,0.0,0.0,3.0,0.0,67.0,34.0,1.0,8.0,16.0,5.0,40.0,11.0,6.0,3.0,13.0,4500000.0
409,Ilia Gruev,BUL,Leeds United,Midfielder,24,2000,0.0,638.0,85.4,0.0,4.0,0.0,0.0,25.0,0.0,351.0,143.0,0.0,3.0,9.0,10.0,44.4,36.0,18.0,10.0,15.0,5000000.0
410,Makhtar Gueye,SEN,Blackburn,Forward,26,1997,0.0,755.0,50.6,3.0,4.0,0.0,0.0,9.0,3.0,68.0,45.0,1.0,8.0,18.0,2.0,51.9,3.0,2.0,2.0,13.0,2000000.0
411,Rami Al Hajj,SWE,Plymouth Argyle,Midfielder,23,2001,0.0,780.0,87.1,0.0,5.0,1.0,0.0,10.0,0.0,92.0,59.0,2.0,2.0,10.0,0.0,60.0,1.0,6.0,2.0,14.0,1000000.0
412,Onel Hernández,CUB,Norwich City,Forward,31,1993,0.0,673.0,70.0,0.0,1.0,0.0,0.0,3.0,0.0,4.0,22.0,5.0,7.0,14.0,0.0,0.0,4.0,0.0,0.0,1.0,800000.0
414,George Honeyman,ENG,Millwall,Midfielder,30,1994,0.0,635.0,67.1,2.0,7.0,1.0,0.0,32.0,2.0,131.0,171.0,4.0,6.0,51.0,12.0,0.0,43.0,24.0,9.0,30.0,900000.0
415,Tom Ince,ENG,Watford,Midfielder,32,1992,0.0,737.0,84.2,0.0,1.0,0.0,0.0,2.0,0.0,23.0,15.0,0.0,4.0,2.0,0.0,100.0,1.0,3.0,1.0,2.0,1000000.0
416,Svante Ingelsson,SWE,Sheffield Weds,Midfielder,26,1998,0.0,810.0,63.7,1.0,2.0,0.0,0.0,12.0,1.0,79.0,81.0,3.0,9.0,27.0,7.0,30.0,18.0,11.0,2.0,24.0,900000.0
417,Wilson Isidor,FRA,Sunderland,Forward,24,2000,0.0,616.0,75.7,0.0,1.0,2.0,0.0,4.0,0.0,24.0,36.0,1.0,4.0,15.0,0.0,57.1,4.0,2.0,0.0,5.0,4000000.0
418,Daniel Jebbison,ENG,Watford,Forward,21,2003,0.0,714.0,31.6,0.0,0.0,0.0,0.0,1.0,0.0,12.0,24.0,0.0,3.0,8.0,0.0,18.2,1.0,2.0,0.0,4.0,1000000.0
419,Marvin Johnson,ENG,Sheffield Weds,Midfielder,33,1990,0.0,450.0,62.2,0.0,10.0,0.0,0.0,13.0,0.0,100.0,60.0,1.0,7.0,18.0,7.0,100.0,17.0,10.0,6.0,21.0,250000.0
420,Isaiah Jones,GUY,Middlesbrough,Forward,25,1999,0.0,765.0,73.9,0.0,12.0,0.0,0.0,22.0,2.0,75.0,136.0,5.0,18.0,48.0,5.0,50.0,8.0,12.0,3.0,21.0,4000000.0
421,Mateo Joseph,ESP,Leeds United,Forward,20,2003,0.0,637.0,77.8,3.0,7.0,1.0,0.0,12.0,3.0,107.0,118.0,7.0,12.0,29.0,3.0,18.9,4.0,7.0,0.0,18.0,1200000.0
422,Abu Kamara,ENG,Norwich City,Forward,21,2003,0.0,675.0,87.5,0.0,0.0,0.0,0.0,1.0,0.0,5.0,3.0,0.0,1.0,5.0,0.0,0.0,0.0,3.0,1.0,0.0,4000000.0
423,Wilfried Kanga,CIV,Cardiff City,Forward,26,1998,0.0,537.0,62.0,0.0,0.0,0.0,0.0,3.0,0.0,38.0,34.0,1.0,3.0,17.0,0.0,36.0,1.0,0.0,0.0,3.0,4000000.0
424,Kaine Kesler-Hayden,ENG,Preston,Forward,21,2002,0.0,771.0,73.2,1.0,4.0,0.0,0.0,10.0,2.0,86.0,60.0,9.0,13.0,25.0,2.0,44.4,10.0,6.0,2.0,15.0,2200000.0
425,Jason Knight,IRL,Bristol City,Midfielder,23,2001,0.0,602.0,82.2,1.0,5.0,1.0,0.0,29.0,1.0,405.0,128.0,5.0,17.0,11.0,6.0,66.7,5.0,12.0,7.0,58.0,5000000.0
426,Olaf Kobacki,POL,Sheffield Weds,Forward,23,2001,0.0,782.0,70.0,0.0,3.0,0.0,0.0,6.0,0.0,38.0,52.0,5.0,10.0,23.0,3.0,33.3,3.0,9.0,2.0,8.0,550000.0
428,Alfie Lloyd,ENG,QPR,Forward,21,2003,0.0,810.0,73.8,0.0,0.0,1.0,0.0,4.0,0.0,33.0,49.0,3.0,8.0,13.0,1.0,36.4,1.0,3.0,0.0,3.0,300000.0
429,Jamal Lowe,JAM,Sheffield Weds,Forward,30,1994,0.0,810.0,82.8,1.0,2.0,1.0,0.0,9.0,1.0,53.0,47.0,3.0,5.0,19.0,2.0,27.3,0.0,7.0,2.0,12.0,1500000.0
430,Han-Noah Massengo,FRA,Burnley,Midfielder,23,2001,0.0,511.0,87.8,1.0,1.0,0.0,0.0,1.0,1.0,32.0,8.0,0.0,0.0,2.0,0.0,0.0,2.0,1.0,1.0,4.0,3000000.0
431,Fally Mayulu,FRA,Bristol City,Forward,22,2002,0.0,735.0,59.1,0.0,0.0,2.0,0.0,2.0,1.0,27.0,38.0,2.0,2.0,17.0,1.0,27.8,0.0,1.0,0.0,7.0,3000000.0
432,Riley McGree,AUS,Middlesbrough,Forward,25,1998,0.0,810.0,83.6,2.0,3.0,0.0,0.0,16.0,2.0,67.0,78.0,3.0,6.0,15.0,2.0,0.0,7.0,2.0,1.0,15.0,3500000.0
433,Anis Mehmeti,ALB,Bristol City,Forward,23,2001,0.0,810.0,73.2,0.0,2.0,1.0,0.0,23.0,0.0,86.0,119.0,7.0,22.0,47.0,1.0,44.4,18.0,5.0,3.0,16.0,1800000.0
434,Aidan Morris,USA,Middlesbrough,Midfielder,22,2001,0.0,406.0,93.7,0.0,2.0,0.0,0.0,21.0,0.0,377.0,114.0,5.0,4.0,17.0,6.0,25.0,3.0,14.0,5.0,46.0,3500000.0
435,Carlton Morris,ENG,Luton Town,Midfielder,28,1995,0.0,684.0,61.6,0.0,2.0,2.0,0.0,9.0,0.0,61.0,69.0,2.0,5.0,23.0,0.0,44.8,2.0,2.0,0.0,9.0,11000000.0
436,Alex Mowatt,ENG,West Brom,Midfielder,29,1995,0.0,810.0,87.8,0.0,4.0,3.0,0.0,22.0,0.0,438.0,127.0,1.0,19.0,13.0,5.0,42.9,33.0,22.0,8.0,54.0,3500000.0
437,Josh Murphy,ENG,Portsmouth,Forward,29,1995,0.0,478.0,55.8,2.0,9.0,0.0,0.0,13.0,4.0,54.0,103.0,6.0,23.0,24.0,2.0,27.3,23.0,4.0,3.0,22.0,800000.0
438,Marvelous Nakamba,ZIM,Luton Town,Midfielder,30,1994,0.0,548.0,82.9,0.0,1.0,0.0,0.0,4.0,1.0,67.0,21.0,0.0,2.0,1.0,5.0,100.0,1.0,7.0,0.0,17.0,5000000.0
439,Marcelino Núñez,CHI,Norwich City,Midfielder,24,2000,0.0,699.0,81.1,0.0,8.0,2.0,0.0,35.0,4.0,377.0,149.0,7.0,12.0,15.0,11.0,25.0,52.0,21.0,4.0,42.0,5000000.0
441,Mark O'Mahony,IRL,Portsmouth,Forward,19,2005,0.0,428.0,62.5,0.0,0.0,2.0,0.0,2.0,0.0,13.0,30.0,0.0,1.0,9.0,0.0,19.2,0.0,0.0,1.0,2.0,300000.0
442,David Ozoh,ENG,Derby County,Midfielder,19,2005,0.0,485.0,94.1,0.0,0.0,1.0,0.0,4.0,2.0,71.0,24.0,6.0,5.0,2.0,3.0,100.0,0.0,19.0,7.0,19.0,700000.0
443,Kasey Palmer,JAM,Hull City,Midfielder,27,1996,0.0,481.0,80.9,0.0,4.0,1.0,0.0,8.0,2.0,49.0,58.0,1.0,2.0,10.0,2.0,75.0,3.0,2.0,1.0,4.0,1000000.0
444,Matt Phillips,SCO,Oxford United,Midfielder,33,1991,0.0,614.0,77.4,1.0,1.0,0.0,0.0,5.0,2.0,34.0,23.0,0.0,2.0,8.0,0.0,50.0,1.0,0.0,1.0,11.0,400000.0
445,Joël Piroe,NED,Leeds United,Forward,25,1999,0.0,810.0,68.3,1.0,3.0,4.0,0.0,4.0,1.0,47.0,42.0,1.0,5.0,17.0,3.0,9.1,1.0,3.0,0.0,10.0,14000000.0
446,Joe Ralls,ENG,Cardiff City,Midfielder,31,1993,0.0,716.0,77.3,1.0,2.0,0.0,0.0,19.0,2.0,206.0,64.0,2.0,4.0,7.0,8.0,57.1,27.0,8.0,5.0,25.0,1200000.0
447,Aaron Ramsey,WAL,Cardiff City,Midfielder,33,1990,0.0,810.0,79.6,0.0,4.0,0.0,0.0,9.0,0.0,149.0,68.0,1.0,5.0,19.0,5.0,33.3,8.0,10.0,2.0,17.0,13000000.0
448,Aaron Ramsey,WAL,Cardiff City,Midfielder,33,1990,0.0,810.0,79.6,0.0,4.0,0.0,0.0,9.0,0.0,149.0,68.0,1.0,5.0,19.0,5.0,33.3,8.0,10.0,2.0,17.0,1000000.0
449,Adam Randell,ENG,Plymouth Argyle,Midfielder,24,2000,0.0,581.0,79.1,1.0,6.0,0.0,0.0,25.0,1.0,318.0,100.0,7.0,6.0,10.0,4.0,56.3,41.0,9.0,9.0,27.0,2200000.0
450,Joe Rankin-Costello,ENG,Blackburn,Forward,25,1999,0.0,599.0,77.5,0.0,7.0,2.0,0.0,7.0,0.0,49.0,42.0,5.0,4.0,12.0,2.0,40.0,5.0,3.0,1.0,8.0,1500000.0
452,Matt Ritchie,SCO,Portsmouth,Forward,35,1989,0.0,716.0,80.6,0.0,0.0,0.0,0.0,6.0,0.0,36.0,34.0,1.0,2.0,11.0,1.0,0.0,6.0,2.0,0.0,3.0,500000.0
453,Joe Rothwell,ENG,Leeds United,Midfielder,29,1995,0.0,611.0,85.2,0.0,3.0,0.0,0.0,7.0,0.0,124.0,49.0,1.0,4.0,1.0,3.0,0.0,11.0,4.0,5.0,13.0,2200000.0
454,Jack Rudoni,ENG,Coventry City,Midfielder,24,2000,0.0,488.0,73.8,2.0,14.0,1.0,0.0,42.0,3.0,219.0,220.0,10.0,19.0,40.0,4.0,50.0,70.0,10.0,8.0,28.0,5500000.0
455,Borja Sainz,ESP,Norwich City,Forward,23,2001,0.0,810.0,74.2,2.0,8.0,7.0,0.0,28.0,3.0,138.0,149.0,17.0,25.0,53.0,4.0,0.0,14.0,8.0,2.0,38.0,2200000.0
456,Tatsuhiro Sakamoto,JPN,Coventry City,Forward,27,1996,0.0,714.0,73.4,0.0,4.0,0.0,0.0,11.0,1.0,45.0,86.0,2.0,8.0,30.0,4.0,50.0,11.0,6.0,1.0,13.0,2500000.0
457,Jeremy Sarmiento,ECU,Burnley,Forward,22,2002,0.0,765.0,77.4,0.0,1.0,1.0,0.0,7.0,2.0,39.0,41.0,2.0,4.0,14.0,5.0,83.3,5.0,7.0,3.0,6.0,7000000.0
458,Isaac Schmidt,SUI,Leeds United,Forward,24,1999,0.0,766.0,75.0,0.0,0.0,0.0,0.0,1.0,0.0,4.0,0.0,0.0,0.0,0.0,0.0,0.0,0.0,0.0,0.0,1.0,2200000.0
459,Oscar Schwartau,DEN,Norwich City,Midfielder,18,2006,0.0,580.0,87.9,0.0,0.0,0.0,0.0,9.0,1.0,81.0,44.0,4.0,8.0,12.0,1.0,100.0,0.0,3.0,4.0,14.0,2200000.0
461,Sam Silvera,AUS,Portsmouth,Forward,23,2000,0.0,720.0,71.3,0.0,5.0,0.0,0.0,6.0,0.0,64.0,82.0,4.0,13.0,31.0,6.0,66.7,11.0,9.0,1.0,12.0,1200000.0
462,Xavier Simons,ENG,Hull City,Midfielder,21,2003,0.0,534.0,82.4,0.0,4.0,0.0,0.0,10.0,0.0,102.0,29.0,0.0,4.0,4.0,3.0,60.0,5.0,5.0,2.0,19.0,700000.0
463,Regan Slater,ENG,Hull City,Midfielder,25,1999,0.0,417.0,78.3,0.0,5.0,1.0,0.0,11.0,0.0,93.0,87.0,7.0,9.0,19.0,4.0,16.7,7.0,9.0,4.0,25.0,3500000.0
464,John Swift,ENG,West Brom,Midfielder,29,1995,0.0,810.0,84.3,0.0,6.0,0.0,0.0,28.0,1.0,305.0,134.0,6.0,12.0,23.0,4.0,45.5,27.0,10.0,4.0,27.0,3200000.0
465,Ollie Tanner,ENG,Cardiff City,Forward,22,2002,0.0,476.0,68.2,1.0,8.0,1.0,0.0,15.0,3.0,79.0,101.0,5.0,13.0,35.0,7.0,50.0,12.0,14.0,6.0,17.0,1500000.0
466,Emre Tezgel,ENG,Stoke City,Forward,19,2005,0.0,810.0,73.2,0.0,3.0,0.0,0.0,3.0,0.0,37.0,23.0,1.0,2.0,13.0,0.0,28.6,3.0,0.0,2.0,3.0,500000.0
467,Brandon Thomas-Asante,GHA,Coventry City,Forward,25,1998,0.0,705.0,54.3,0.0,1.0,1.0,0.0,8.0,0.0,34.0,50.0,7.0,8.0,18.0,0.0,20.0,4.0,1.0,2.0,14.0,3000000.0
468,Muhamed Tijani,NGA,Plymouth Argyle,Forward,24,2000,0.0,561.0,42.1,1.0,0.0,0.0,0.0,0.0,0.0,19.0,12.0,0.0,0.0,0.0,0.0,40.0,1.0,1.0,0.0,1.0,800000.0
469,David Turnbull,SCO,Cardiff City,Midfielder,25,1999,0.0,708.0,95.2,0.0,2.0,0.0,0.0,2.0,0.0,16.0,7.0,0.0,0.0,4.0,0.0,0.0,0.0,0.0,0.0,5.0,3800000.0
470,Jonathan Varane,MTQ,QPR,Midfielder,23,2001,0.0,405.0,78.9,0.0,2.0,0.0,0.0,4.0,0.0,71.0,15.0,1.0,1.0,1.0,1.0,70.0,0.0,4.0,2.0,16.0,1200000.0
471,André Vidigal,POR,Stoke City,Midfielder,26,1998,0.0,436.0,55.2,0.0,1.0,0.0,0.0,2.0,0.0,16.0,24.0,1.0,4.0,7.0,0.0,0.0,6.0,0.0,1.0,6.0,1500000.0
472,Jed Wallace,ENG,West Brom,Forward,30,1994,0.0,724.0,74.2,0.0,1.0,0.0,0.0,4.0,0.0,33.0,39.0,1.0,4.0,10.0,2.0,50.0,7.0,3.0,0.0,9.0,3000000.0
474,Nahki Wells,BER,Bristol City,Forward,34,1990,0.0,786.0,63.0,0.0,2.0,1.0,0.0,5.0,1.0,26.0,35.0,3.0,1.0,12.0,1.0,20.0,4.0,3.0,2.0,7.0,400000.0
475,Joe Williams,ENG,Bristol City,Midfielder,27,1996,0.0,798.0,81.9,2.0,14.0,0.0,0.0,22.0,3.0,325.0,142.0,3.0,9.0,13.0,9.0,66.7,29.0,15.0,6.0,49.0,1200000.0
476,Chris Willock,ENG,Cardiff City,Forward,26,1998,0.0,794.0,84.8,0.0,4.0,0.0,0.0,18.0,0.0,75.0,113.0,7.0,19.0,36.0,1.0,25.0,17.0,8.0,3.0,24.0,1800000.0
